#
# There is insufficient memory for the Java Runtime Environment to continue.
# Native memory allocation (mmap) failed to map 65536 bytes. Error detail: Failed to commit metaspace.
# Possible reasons:
#   The system is out of physical RAM or swap space
#   This process is running with CompressedOops enabled, and the Java Heap may be blocking the growth of the native heap
# Possible solutions:
#   Reduce memory load on the system
#   Increase physical memory or swap space
#   Check if swap backing store is full
#   Decrease Java heap size (-Xmx/-Xms)
#   Decrease number of Java threads
#   Decrease Java thread stack sizes (-Xss)
#   Set larger code cache with -XX:ReservedCodeCacheSize=
#   JVM is running with Unscaled Compressed Oops mode in which the Java heap is
#     placed in the first 4GB address space. The Java Heap base address is the
#     maximum limit for the native heap growth. Please use -XX:HeapBaseMinAddress
#     to set the Java Heap base and to place the Java Heap above 4GB virtual address.
# This output file may be truncated or incomplete.
#
#  Out of Memory Error (virtualSpaceNode.cpp:113), pid=13068, tid=29112
#
# JRE version: Java(TM) SE Runtime Environment (23.0.1+11) (build 23.0.1+11-39)
# Java VM: Java HotSpot(TM) 64-Bit Server VM (23.0.1+11-39, mixed mode, emulated-client, sharing, tiered, compressed oops, compressed class ptrs, g1 gc, windows-amd64)
# No core dump will be written. Minidumps are not enabled by default on client versions of Windows
#

---------------  S U M M A R Y ------------

Command Line: -Xms256m -Xmx512m -XX:MaxMetaspaceSize=256m -XX:TieredStopAtLevel=1 -Dspring.output.ansi.enabled=always -Dcom.sun.management.jmxremote -Dspring.jmx.enabled=true -Dspring.liveBeansView.mbeanDomain -Dspring.application.admin.enabled=true -Dmanagement.endpoints.jmx.exposure.include=* -javaagent:C:\Users\Bainy\AppData\Local\Programs\IntelliJ IDEA Ultimate 2025.1\lib\idea_rt.jar=61337 -Dfile.encoding=UTF-8 -Dsun.stdout.encoding=UTF-8 -Dsun.stderr.encoding=UTF-8 com.mycoliving.userservice.UserServiceApplication

Host: 12th Gen Intel(R) Core(TM) i7-1255U, 12 cores, 31G,  Windows 11 , 64 bit Build 26100 (10.0.26100.6725)
Time: Sun Nov  2 12:18:49 2025 Maroc (heure d64 bit Build 26100 (10.0.26100.6725) elapsed time: 3.758697 seconds (0d 0h 0m 3s)

---------------  T H R E A D  ---------------

Current thread (0x0000023a2e185df0):  JavaThread "main"             [_thread_in_vm, id=29112, stack(0x000000a799500000,0x000000a799600000) (1024K)]

Stack: [0x000000a799500000,0x000000a799600000]
Native frames: (J=compiled Java code, j=interpreted, Vv=VM code, C=native code)
V  [jvm.dll+0x6e08b9]  (no source info available)
V  [jvm.dll+0x87dc83]  (no source info available)
V  [jvm.dll+0x88010e]  (no source info available)
V  [jvm.dll+0x8807e3]  (no source info available)
V  [jvm.dll+0x27aee6]  (no source info available)
V  [jvm.dll+0x87988e]  (no source info available)
V  [jvm.dll+0x682035]  (no source info available)
V  [jvm.dll+0x1e09dc]  (no source info available)
V  [jvm.dll+0x1e07ae]  (no source info available)
V  [jvm.dll+0x684988]  (no source info available)
V  [jvm.dll+0x2219dc]  (no source info available)
V  [jvm.dll+0x682a4e]  (no source info available)
V  [jvm.dll+0x3bbfff]  (no source info available)
V  [jvm.dll+0x209ffb]  (no source info available)
V  [jvm.dll+0x5be709]  (no source info available)
V  [jvm.dll+0x7f3ad6]  (no source info available)
V  [jvm.dll+0x475cf6]  (no source info available)
V  [jvm.dll+0x47bb98]  (no source info available)
C  [java.dll+0x17d4]  (no source info available)

Java frames: (J=compiled Java code, j=interpreted, Vv=VM code)
J 1604  java.lang.ClassLoader.defineClass1(Ljava/lang/ClassLoader;Ljava/lang/String;[BIILjava/security/ProtectionDomain;Ljava/lang/String;)Ljava/lang/Class; java.base@23.0.1 (0 bytes) @ 0x0000023a36d41a61 [0x0000023a36d419a0+0x00000000000000c1]
J 1843 c1 java.lang.ClassLoader.defineClass(Ljava/lang/String;[BIILjava/security/ProtectionDomain;)Ljava/lang/Class; java.base@23.0.1 (43 bytes) @ 0x0000023a36d978fc [0x0000023a36d977e0+0x000000000000011c]
J 1844 c1 jdk.internal.loader.BuiltinClassLoader.defineClass(Ljava/lang/String;Ljdk/internal/loader/Resource;)Ljava/lang/Class; java.base@23.0.1 (121 bytes) @ 0x0000023a36d98f6c [0x0000023a36d989c0+0x00000000000005ac]
J 1840 c1 jdk.internal.loader.BuiltinClassLoader.findClassOnClassPathOrNull(Ljava/lang/String;)Ljava/lang/Class; java.base@23.0.1 (64 bytes) @ 0x0000023a36d9722c [0x0000023a36d96f60+0x00000000000002cc]
J 1524 c1 jdk.internal.loader.BuiltinClassLoader.loadClassOrNull(Ljava/lang/String;Z)Ljava/lang/Class; java.base@23.0.1 (143 bytes) @ 0x0000023a36d27404 [0x0000023a36d26fe0+0x0000000000000424]
J 1621 c1 jdk.internal.loader.ClassLoaders$AppClassLoader.loadClass(Ljava/lang/String;Z)Ljava/lang/Class; java.base@23.0.1 (40 bytes) @ 0x0000023a36d4550c [0x0000023a36d454c0+0x000000000000004c]
J 1617 c1 java.lang.ClassLoader.loadClass(Ljava/lang/String;)Ljava/lang/Class; java.base@23.0.1 (7 bytes) @ 0x0000023a36d448f4 [0x0000023a36d448a0+0x0000000000000054]
v  ~StubRoutines::call_stub 0x0000023a368a0fcd
J 1206  java.lang.Class.forName0(Ljava/lang/String;ZLjava/lang/ClassLoader;Ljava/lang/Class;)Ljava/lang/Class; java.base@23.0.1 (0 bytes) @ 0x0000023a36cc58af [0x0000023a36cc5820+0x000000000000008f]
J 1880 c1 java.lang.Class.forName(Ljava/lang/String;ZLjava/lang/ClassLoader;Ljava/lang/Class;)Ljava/lang/Class; java.base@23.0.1 (41 bytes) @ 0x0000023a36da3844 [0x0000023a36da3820+0x0000000000000024]
J 3201 c1 org.springframework.util.ClassUtils.forName(Ljava/lang/String;Ljava/lang/ClassLoader;)Ljava/lang/Class; (251 bytes) @ 0x0000023a36f2a96c [0x0000023a36f2a6a0+0x00000000000002cc]
J 3876 c1 org.springframework.util.ClassUtils.resolveClassName(Ljava/lang/String;Ljava/lang/ClassLoader;)Ljava/lang/Class; (58 bytes) @ 0x0000023a3700f04c [0x0000023a3700f020+0x000000000000002c]
J 3447 c1 org.springframework.core.annotation.TypeMappedAnnotation.adapt(Ljava/lang/reflect/Method;Ljava/lang/Object;Ljava/lang/Class;)Ljava/lang/Object; (355 bytes) @ 0x0000023a36f8309c [0x0000023a36f82920+0x000000000000077c]
J 3446 c1 org.springframework.core.annotation.TypeMappedAnnotation.getValue(ILjava/lang/Class;)Ljava/lang/Object; (41 bytes) @ 0x0000023a36f8198c [0x0000023a36f818c0+0x00000000000000cc]
J 3688 c1 org.springframework.core.annotation.TypeMappedAnnotation.asMap(Ljava/util/function/Function;[Lorg/springframework/core/annotation/MergedAnnotation$Adapt;)Ljava/util/Map; (126 bytes) @ 0x0000023a36fd2fe4 [0x0000023a36fd2e20+0x00000000000001c4]
J 4015 c1 org.springframework.core.annotation.AbstractMergedAnnotation.asAnnotationAttributes([Lorg/springframework/core/annotation/MergedAnnotation$Adapt;)Lorg/springframework/core/annotation/AnnotationAttributes; (14 bytes) @ 0x0000023a3703bbfc [0x0000023a3703bba0+0x000000000000005c]
j  org.springframework.context.annotation.AnnotationBeanNameGenerator.determineBeanNameFromAnnotation(Lorg/springframework/beans/factory/annotation/AnnotatedBeanDefinition;)Ljava/lang/String;+92
j  org.springframework.context.annotation.AnnotationBeanNameGenerator.generateBeanName(Lorg/springframework/beans/factory/config/BeanDefinition;Lorg/springframework/beans/factory/support/BeanDefinitionRegistry;)Ljava/lang/String;+14
j  org.springframework.context.annotation.ConfigurationClassBeanDefinitionReader.registerBeanDefinitionForImportedConfigurationClass(Lorg/springframework/context/annotation/ConfigurationClass;)V+43
j  org.springframework.context.annotation.ConfigurationClassBeanDefinitionReader.loadBeanDefinitionsForConfigurationClass(Lorg/springframework/context/annotation/ConfigurationClass;Lorg/springframework/context/annotation/ConfigurationClassBeanDefinitionReader$TrackedConditionEvaluator;)V+71
j  org.springframework.context.annotation.ConfigurationClassBeanDefinitionReader.loadBeanDefinitions(Ljava/util/Set;)V+40
j  org.springframework.context.annotation.ConfigurationClassPostProcessor.processConfigBeanDefinitions(Lorg/springframework/beans/factory/support/BeanDefinitionRegistry;)V+378
j  org.springframework.context.annotation.ConfigurationClassPostProcessor.postProcessBeanDefinitionRegistry(Lorg/springframework/beans/factory/support/BeanDefinitionRegistry;)V+87
j  org.springframework.context.support.PostProcessorRegistrationDelegate.invokeBeanDefinitionRegistryPostProcessors(Ljava/util/Collection;Lorg/springframework/beans/factory/support/BeanDefinitionRegistry;Lorg/springframework/core/metrics/ApplicationStartup;)V+59
j  org.springframework.context.support.PostProcessorRegistrationDelegate.invokeBeanFactoryPostProcessors(Lorg/springframework/beans/factory/config/ConfigurableListableBeanFactory;Ljava/util/List;)V+238
j  org.springframework.context.support.AbstractApplicationContext.invokeBeanFactoryPostProcessors(Lorg/springframework/beans/factory/config/ConfigurableListableBeanFactory;)V+5
j  org.springframework.context.support.AbstractApplicationContext.refresh()V+62
j  org.springframework.boot.web.servlet.context.ServletWebServerApplicationContext.refresh()V+1
j  org.springframework.boot.SpringApplication.refresh(Lorg/springframework/context/ConfigurableApplicationContext;)V+1
j  org.springframework.boot.SpringApplication.refreshContext(Lorg/springframework/context/ConfigurableApplicationContext;)V+19
j  org.springframework.boot.SpringApplication.run([Ljava/lang/String;)Lorg/springframework/context/ConfigurableApplicationContext;+113
j  org.springframework.boot.SpringApplication.run([Ljava/lang/Class;[Ljava/lang/String;)Lorg/springframework/context/ConfigurableApplicationContext;+9
j  org.springframework.boot.SpringApplication.run(Ljava/lang/Class;[Ljava/lang/String;)Lorg/springframework/context/ConfigurableApplicationContext;+9
j  com.mycoliving.userservice.UserServiceApplication.main([Ljava/lang/String;)V+3
v  ~StubRoutines::call_stub 0x0000023a368a0fcd
Lock stack of current Java thread (top to bottom):
LockStack[0]: java.lang.Object 
{0x00000000eaee91c0} - klass: 'java/lang/Object'
 - ---- fields (total size 2 words):


Compiled method (n/a) 3768 1604     n 0       java.lang.ClassLoader::defineClass1 (native)
 total in heap  [0x0000023a36d41888,0x0000023a36d41e40] = 1464
 relocation     [0x0000023a36d41960,0x0000023a36d41998] = 56
 main code      [0x0000023a36d419a0,0x0000023a36d41e3f] = 1183
 stub code      [0x0000023a36d41e3f,0x0000023a36d41e40] = 1

[Constant Pool (empty)]

[MachCode]
[Entry Point]
  # {method} {0x0000023a3e478b70} 'defineClass1' '(Ljava/lang/ClassLoader;Ljava/lang/String;[BIILjava/security/ProtectionDomain;Ljava/lang/String;)Ljava/lang/Class;' in 'java/lang/ClassLoader'
  # parm0:    rdx:rdx   = 'java/lang/ClassLoader'
  # parm1:    r8:r8     = 'java/lang/String'
  # parm2:    r9:r9     = '[B'
  # parm3:    rdi       = int
  # parm4:    rsi       = int
  # parm5:    rcx:rcx   = 'java/security/ProtectionDomain'
  # parm6:    [sp+0xa0]   = 'java/lang/String'  (sp of caller)
  0x0000023a36d419a0: 6690 448b | 5208 443b 

  0x0000023a36d419a8: ;   {runtime_call ic_miss_stub}
  0x0000023a36d419a8: 5008 0f85 | 30cb baff 
[Verified Entry Point]
  0x0000023a36d419b0: 8984 2400 | 80ff ff55 | 488b ec48 | 81ec 9000 | 0000 6690 | 4181 7f20 | 0300 0000 

  0x0000023a36d419cc: ;   {runtime_call StubRoutines (final stubs)}
  0x0000023a36d419cc: 7405 e86d | 5db9 ff48 | 837d 1000 | 488d 4510 | 480f 4445 | 1048 8944 | 2440 4889 | 4c24 7048 
  0x0000023a36d419ec: 83f9 0048 | 8d44 2470 | 480f 4444 | 2470 4889 | 4424 3848 | 8974 2430 | 4889 7c24 | 284c 894c 
  0x0000023a36d41a0c: 2458 4983 | f900 488d | 4424 5848 | 0f44 4424 | 5848 8944 | 2420 4c89 | 4424 5049 | 83f8 004c 
  0x0000023a36d41a2c: 8d4c 2450 | 4c0f 444c | 2450 4889 | 5424 4848 | 83fa 004c | 8d44 2448 | 4c0f 4444 

  0x0000023a36d41a48: ;   {oop(a 'java/lang/Class'{0x00000000e0d7f748} = 'java/lang/ClassLoader')}
  0x0000023a36d41a48: 2448 49be | 48f7 d7e0 | 0000 0000 | 4c89 7424 | 784c 8d74 | 2478 498b | d6c5 f877 

  0x0000023a36d41a64: ;   {internal_word}
  0x0000023a36d41a64: 49ba 611a | d436 3a02 | 0000 4d89 | 97a8 0300 | 0049 89a7 | a003 0000 

  0x0000023a36d41a7c: ;   {external_word}
  0x0000023a36d41a7c: 49ba 41ad | 3f24 f87f | 0000 4180 | 3a00 0f84 | 4e00 0000 | 5241 5041 

  0x0000023a36d41a94: ;   {metadata({method} {0x0000023a3e478b70} 'defineClass1' '(Ljava/lang/ClassLoader;Ljava/lang/String;[BIILjava/security/ProtectionDomain;Ljava/lang/String;)Ljava/lang/Class;' in 'java/lang/ClassLoader')}
  0x0000023a36d41a94: 5148 ba68 | 8b47 3e3a | 0200 0049 | 8bcf 4883 | ec20 40f6 | c40f 0f84 | 1900 0000 | 4883 ec08 
  0x0000023a36d41ab4: ;   {runtime_call}
  0x0000023a36d41ab4: 48b8 10ee | ef23 f87f | 0000 ffd0 | 4883 c408 | e90c 0000 

  0x0000023a36d41ac8: ;   {runtime_call}
  0x0000023a36d41ac8: 0048 b810 | eeef 23f8 | 7f00 00ff | d048 83c4 | 2041 5941 | 585a 498d | 8fc0 0300 | 0041 c787 
  0x0000023a36d41ae8: 4404 0000 | 0400 0000 

  0x0000023a36d41af0: ;   {runtime_call}
  0x0000023a36d41af0: 48b8 9416 | 8f84 f87f | 0000 ffd0 | c5f8 7741 | c787 4404 | 0000 0500 | 0000 f083 | 4424 c000 
  0x0000023a36d41b10: 493b af48 | 0400 000f | 870e 0000 | 0041 83bf | 4004 0000 | 000f 842b | 0000 00c5 | f877 4889 
  0x0000023a36d41b30: 45f8 498b | cf4c 8be4 | 4883 ec20 | 4883 e4f0 

  0x0000023a36d41b40: ;   {runtime_call}
  0x0000023a36d41b40: 48b8 90a9 | b923 f87f | 0000 ffd0 | 498b e44d | 33e4 488b | 45f8 41c7 | 8744 0400 | 0008 0000 
  0x0000023a36d41b60: 0041 83bf | c804 0000 | 020f 84a3 

  0x0000023a36d41b6c: ;   {external_word}
  0x0000023a36d41b6c: 0200 0049 | ba41 ad3f | 24f8 7f00 | 0041 803a | 000f 844c | 0000 0048 

  0x0000023a36d41b84: ;   {metadata({method} {0x0000023a3e478b70} 'defineClass1' '(Ljava/lang/ClassLoader;Ljava/lang/String;[BIILjava/security/ProtectionDomain;Ljava/lang/String;)Ljava/lang/Class;' in 'java/lang/ClassLoader')}
  0x0000023a36d41b84: 8945 f848 | ba68 8b47 | 3e3a 0200 | 0049 8bcf | 4883 ec20 | 40f6 c40f | 0f84 1900 | 0000 4883 
  0x0000023a36d41ba4: ;   {runtime_call}
  0x0000023a36d41ba4: ec08 48b8 | 10ee ef23 | f87f 0000 | ffd0 4883 | c408 e90c 

  0x0000023a36d41bb8: ;   {runtime_call}
  0x0000023a36d41bb8: 0000 0048 | b810 eeef | 23f8 7f00 | 00ff d048 | 83c4 2048 | 8b45 f849 | c787 a003 | 0000 0000 
  0x0000023a36d41bd8: 0000 49c7 | 87a8 0300 | 0000 0000 | 00c5 f877 | 4885 c00f | 84fe 0100 | 00a8 030f | 8508 0000 
  0x0000023a36d41bf8: 0048 8b00 | e9ee 0100 | 00a8 010f | 8509 0000 | 0048 8b40 | fee9 dd01 | 0000 488b | 40ff 4180 
  0x0000023a36d41c18: 7f38 000f | 84ce 0100 | 0048 83f8 | 000f 84c4 | 0100 0049 | 8b4f 2848 | 83f9 000f | 8414 0000 
  0x0000023a36d41c38: 0048 83e9 | 0849 894f | 2849 034f | 3048 8901 | e9a2 0100 | 0048 81ec | d000 0000 | 4889 0424 
  0x0000023a36d41c58: 4889 4c24 | 0848 8954 | 2410 4889 | 7424 1848 | 897c 2420 | 4c89 4424 | 284c 894c | 2430 4c89 
  0x0000023a36d41c78: 5424 384c | 895c 2440 | c5fb 1144 | 2450 c5fb | 114c 2458 | c5fb 1154 | 2460 c5fb | 115c 2468 
  0x0000023a36d41c98: c5fb 1164 | 2470 c5fb | 116c 2478 | c5fb 11b4 | 2480 0000 | 00c5 fb11 | bc24 8800 | 0000 c57b 
  0x0000023a36d41cb8: ;   {no_reloc}
  0x0000023a36d41cb8: 1184 2490 | 0000 00c5 | 7b11 8c24 | 9800 0000 | c57b 1194 | 24a0 0000 | 00c5 7b11 | 9c24 a800 
  0x0000023a36d41cd8: 0000 c57b | 11a4 24b0 | 0000 00c5 | 7b11 ac24 | b800 0000 | c57b 11b4 | 24c0 0000 | 00c5 7b11 
  0x0000023a36d41cf8: bc24 c800 | 0000 498b | d748 8bc8 | 4883 ec20 | 40f6 c40f | 0f84 1900 | 0000 4883 

  0x0000023a36d41d14: ;   {runtime_call}
  0x0000023a36d41d14: ec08 48b8 | e007 ad23 | f87f 0000 | ffd0 4883 | c408 e90c 

  0x0000023a36d41d28: ;   {runtime_call}
  0x0000023a36d41d28: 0000 0048 | b8e0 07ad | 23f8 7f00 | 00ff d048 | 83c4 20c5 | 7b10 bc24 | c800 0000 | c57b 10b4 
  0x0000023a36d41d48: 24c0 0000 | 00c5 7b10 | ac24 b800 | 0000 c57b | 10a4 24b0 | 0000 00c5 | 7b10 9c24 | a800 0000 
  0x0000023a36d41d68: c57b 1094 | 24a0 0000 | 00c5 7b10 | 8c24 9800 | 0000 c57b | 1084 2490 | 0000 00c5 | fb10 bc24 
  0x0000023a36d41d88: 8800 0000 | c5fb 10b4 | 2480 0000 | 00c5 fb10 | 6c24 78c5 | fb10 6424 | 70c5 fb10 | 5c24 68c5 
  0x0000023a36d41da8: fb10 5424 | 60c5 fb10 | 4c24 58c5 | fb10 4424 | 504c 8b5c | 2440 4c8b | 5424 384c | 8b4c 2430 
  0x0000023a36d41dc8: 4c8b 4424 | 2848 8b7c | 2420 488b | 7424 1848 | 8b54 2410 | 488b 4c24 | 0848 8b04 | 2448 81c4 
  0x0000023a36d41de8: d000 0000 | c5f8 7749 | 8b8f 3004 | 0000 c781 | 0001 0000 | 0000 0000 | c949 837f | 0800 0f85 
  0x0000023a36d41e08: 0100 0000 

  0x0000023a36d41e0c: ;   {runtime_call StubRoutines (initial stubs)}
  0x0000023a36d41e0c: c3e9 aef0 | b5ff c5f8 | 7748 8945 | f84c 8be4 | 4883 ec20 | 4883 e4f0 

  0x0000023a36d41e24: ;   {runtime_call}
  0x0000023a36d41e24: 48b8 c022 | f023 f87f | 0000 ffd0 | 498b e44d | 33e4 488b | 45f8 e930 | fdff fff4 
[/MachCode]


Compiled method (c1) 3774 1843       1       java.lang.ClassLoader::defineClass (43 bytes)
 total in heap  [0x0000023a36d97688,0x0000023a36d97a58] = 976
 relocation     [0x0000023a36d97760,0x0000023a36d977d0] = 112
 main code      [0x0000023a36d977e0,0x0000023a36d979a0] = 448
 stub code      [0x0000023a36d979a0,0x0000023a36d97a18] = 120
 metadata       [0x0000023a36d97a18,0x0000023a36d97a58] = 64
 immutable data [0x0000023a5077a690,0x0000023a5077a828] = 408
 dependencies   [0x0000023a5077a690,0x0000023a5077a6a8] = 24
 nul chk table  [0x0000023a5077a6a8,0x0000023a5077a6d0] = 40
 scopes pcs     [0x0000023a5077a6d0,0x0000023a5077a770] = 160
 scopes data    [0x0000023a5077a770,0x0000023a5077a828] = 184

[Constant Pool (empty)]

[MachCode]
[Instructions begin]
  0x0000023a36d977e0: 6666 660f | 1f84 0000 | 0000 0066 | 6666 9066 | 6690 448b | 5208 443b 

  0x0000023a36d977f8: ;   {runtime_call ic_miss_stub}
  0x0000023a36d977f8: 5008 0f85 | e06c b5ff 
[Verified Entry Point]
  0x0000023a36d97800: 8984 2400 | 80ff ff55 | 4881 ecb0 | 0000 0090 | 4181 7f20 | 0300 0000 

  0x0000023a36d97818: ;   {runtime_call StubRoutines (final stubs)}
  0x0000023a36d97818: 7405 e821 | ffb3 ff48 | 8954 2478 | 89b4 2494 | 0000 0089 | bc24 9000 | 0000 4c89 | 8c24 8800 
  0x0000023a36d97838: 0000 498b | d84c 8bc3 | 4c8b c948 | 8bca 488b | d148 899c | 2480 0000 | 0066 0f1f 

  0x0000023a36d97854: ;   {optimized virtual_call}
  0x0000023a36d97854: 4400 00e8 

  0x0000023a36d97858: ; ImmutableOopMap {[120]=Oop [128]=Oop [136]=Oop }
                      ;*invokevirtual preDefineClass {reexecute=0 rethrow=0 return_oop=0}
                      ; - java.lang.ClassLoader::defineClass@4 (line 1024)
  0x0000023a36d97858: e4e9 ffff 

  0x0000023a36d9785c: ;   {other}
  0x0000023a36d9785c: 0f1f 8400 | d401 0000 | 4889 8424 | 9800 0000 

  0x0000023a36d9786c: ; implicit exception: dispatches to 0x0000023a36d9794a
  0x0000023a36d9786c: 448b 4010 | 4d85 c00f | 850f 0000 

  0x0000023a36d97878: ;   {oop(nullptr)}
  0x0000023a36d97878: 0048 bb00 | 0000 0000 | 0000 00e9 | 3f00 0000 

  0x0000023a36d97888: ; implicit exception: dispatches to 0x0000023a36d9794f
  0x0000023a36d97888: 458b 400c | 4d85 c00f | 850f 0000 

  0x0000023a36d97894: ;   {oop(nullptr)}
  0x0000023a36d97894: 0048 bb00 | 0000 0000 | 0000 00e9 | 2300 0000 

  0x0000023a36d978a4: ; implicit exception: dispatches to 0x0000023a36d97954
  0x0000023a36d978a4: 418b 5038 

  0x0000023a36d978a8: ; implicit exception: dispatches to 0x0000023a36d97959
  0x0000023a36d978a8: 483b 020f 

  0x0000023a36d978ac: ;   {optimized virtual_call}
  0x0000023a36d978ac: 1f40 00e8 

  0x0000023a36d978b0: ; ImmutableOopMap {[120]=Oop [128]=Oop [136]=Oop [152]=Oop }
                      ;*invokevirtual toExternalForm {reexecute=0 rethrow=0 return_oop=0}
                      ; - java.net.URL::toExternalForm@5 (line 1203)
                      ; - java.net.URL::toString@1 (line 1189)
                      ; - java.lang.ClassLoader::defineClassSourceLocation@22 (line 928)
                      ; - java.lang.ClassLoader::defineClass@12 (line 1025)
  0x0000023a36d978b0: cc7d faff 

  0x0000023a36d978b4: ;   {other}
  0x0000023a36d978b4: 0f1f 8400 | 2c02 0001 | 488b d848 | 8b84 2498 | 0000 008b | b424 9400 | 0000 8bbc | 2490 0000 
  0x0000023a36d978d4: 004c 8b8c | 2488 0000 | 004c 8b84 | 2480 0000 | 0048 8b54 | 2478 4c8b | da49 8bd3 | 488b c848 
  0x0000023a36d978f4: ;   {static_call}
  0x0000023a36d978f4: 891c 24e8 

  0x0000023a36d978f8: ; ImmutableOopMap {[120]=Oop [152]=Oop }
                      ;*invokestatic defineClass1 {reexecute=0 rethrow=0 return_oop=0}
                      ; - java.lang.ClassLoader::defineClass@27 (line 1026)
  0x0000023a36d978f8: b4a0 faff 

  0x0000023a36d978fc: ;   {other}
  0x0000023a36d978fc: 0f1f 8400 | 7402 0002 | 4c8b c04c | 8b8c 2498 | 0000 0048 | 8b54 2478 | 4889 8424 | a000 0000 
  0x0000023a36d9791c: ;   {optimized virtual_call}
  0x0000023a36d9791c: 6666 90e8 

  0x0000023a36d97920: ; ImmutableOopMap {[160]=Oop }
                      ;*invokevirtual postDefineClass {reexecute=0 rethrow=0 return_oop=0}
                      ; - java.lang.ClassLoader::defineClass@37 (line 1027)
  0x0000023a36d97920: dcce ffff 

  0x0000023a36d97924: ;   {other}
  0x0000023a36d97924: 0f1f 8400 | 9c02 0003 | 488b 8424 | a000 0000 | 4881 c4b0 | 0000 005d 

  0x0000023a36d9793c: ;   {poll_return}
  0x0000023a36d9793c: 493b a748 | 0400 000f | 8715 0000 

  0x0000023a36d97948: ;   {runtime_call throw_null_pointer_exception Runtime1 stub}
  0x0000023a36d97948: 00c3 e891 

  0x0000023a36d9794c: ; ImmutableOopMap {rax=Oop [120]=Oop [128]=Oop [136]=Oop [152]=Oop }
                      ;*invokevirtual getCodeSource {reexecute=0 rethrow=0 return_oop=0}
                      ; - java.lang.ClassLoader::defineClassSourceLocation@1 (line 925)
                      ; - java.lang.ClassLoader::defineClass@12 (line 1025)
                      ;   {runtime_call throw_null_pointer_exception Runtime1 stub}
  0x0000023a36d9794c: 5bc0 ffe8 

  0x0000023a36d97950: ; ImmutableOopMap {rax=Oop [120]=Oop [128]=Oop [136]=Oop [152]=Oop }
                      ;*invokevirtual getLocation {reexecute=0 rethrow=0 return_oop=0}
                      ; - java.lang.ClassLoader::defineClassSourceLocation@12 (line 927)
                      ; - java.lang.ClassLoader::defineClass@12 (line 1025)
  0x0000023a36d97950: 8c5b c0ff 

  0x0000023a36d97954: ;   {runtime_call throw_null_pointer_exception Runtime1 stub}
  0x0000023a36d97954: e887 5bc0 

  0x0000023a36d97958: ; ImmutableOopMap {r8=Oop [120]=Oop [128]=Oop [136]=Oop [152]=Oop }
                      ;*invokevirtual toString {reexecute=0 rethrow=0 return_oop=0}
                      ; - java.lang.ClassLoader::defineClassSourceLocation@22 (line 928)
                      ; - java.lang.ClassLoader::defineClass@12 (line 1025)
                      ;   {runtime_call throw_null_pointer_exception Runtime1 stub}
  0x0000023a36d97958: ffe8 825b 

  0x0000023a36d9795c: ; ImmutableOopMap {r8=Oop rdx=Oop [120]=Oop [128]=Oop [136]=Oop [152]=Oop }
                      ;*invokevirtual toExternalForm {reexecute=0 rethrow=0 return_oop=0}
                      ; - java.net.URL::toExternalForm@5 (line 1203)
                      ; - java.net.URL::toString@1 (line 1189)
                      ; - java.lang.ClassLoader::defineClassSourceLocation@22 (line 928)
                      ; - java.lang.ClassLoader::defineClass@12 (line 1025)
                      ;   {internal_word}
  0x0000023a36d9795c: c0ff 49ba | 3c79 d936 | 3a02 0000 | 4d89 9760 

  0x0000023a36d9796c: ;   {runtime_call SafepointBlob}
  0x0000023a36d9796c: 0400 00e9 | 6cda b5ff | 498b 8700 | 0500 0049 | c787 0005 | 0000 0000 | 0000 49c7 | 8708 0500 
  0x0000023a36d9798c: 0000 0000 | 0048 81c4 | b000 0000 

  0x0000023a36d97998: ;   {runtime_call unwind_exception Runtime1 stub}
  0x0000023a36d97998: 5de9 424c | c0ff f4f4 
[Stub Code]
  0x0000023a36d979a0: ;   {no_reloc}
  0x0000023a36d979a0: 0f1f 4400 

  0x0000023a36d979a4: ;   {static_stub}
  0x0000023a36d979a4: 0048 bb00 | 0000 0000 

  0x0000023a36d979ac: ;   {runtime_call nmethod}
  0x0000023a36d979ac: 0000 00e9 | fbff ffff 

  0x0000023a36d979b4: ;   {static_stub}
  0x0000023a36d979b4: 48bb 0000 | 0000 0000 

  0x0000023a36d979bc: ;   {runtime_call nmethod}
  0x0000023a36d979bc: 0000 e9fb 

  0x0000023a36d979c0: ;   {static_stub}
  0x0000023a36d979c0: ffff ff48 | bb00 0000 | 0000 0000 

  0x0000023a36d979cc: ;   {runtime_call nmethod}
  0x0000023a36d979cc: 00e9 fbff 

  0x0000023a36d979d0: ;   {static_stub}
  0x0000023a36d979d0: ffff 48bb | 0000 0000 | 0000 0000 

  0x0000023a36d979dc: ;   {runtime_call nmethod}
  0x0000023a36d979dc: e9fb ffff 

  0x0000023a36d979e0: ;   {runtime_call handle_exception_from_callee Runtime1 stub}
  0x0000023a36d979e0: ffe8 fa81 

  0x0000023a36d979e4: ;   {external_word}
  0x0000023a36d979e4: c0ff 48b9 | 40d5 1724 | f87f 0000 | 4883 e4f0 

  0x0000023a36d979f4: ;   {runtime_call}
  0x0000023a36d979f4: 48b8 704a | de23 f87f | 0000 ffd0 

  0x0000023a36d97a00: ;   {section_word}
  0x0000023a36d97a00: f449 ba01 | 7ad9 363a | 0200 0041 

  0x0000023a36d97a0c: ;   {runtime_call DeoptimizationBlob}
  0x0000023a36d97a0c: 52e9 6ecc | b5ff f4f4 | f4f4 f4f4 
[/MachCode]


Compiled method (c1) 3779 1844       1       jdk.internal.loader.BuiltinClassLoader::defineClass (121 bytes)
 total in heap  [0x0000023a36d98788,0x0000023a36d99288] = 2816
 relocation     [0x0000023a36d98860,0x0000023a36d989a8] = 328
 main code      [0x0000023a36d989c0,0x0000023a36d99110] = 1872
 stub code      [0x0000023a36d99110,0x0000023a36d99230] = 288
 metadata       [0x0000023a36d99230,0x0000023a36d99288] = 88
 immutable data [0x0000023a508b2150,0x0000023a508b25a0] = 1104
 dependencies   [0x0000023a508b2150,0x0000023a508b2170] = 32
 nul chk table  [0x0000023a508b2170,0x0000023a508b2190] = 32
 handler table  [0x0000023a508b2190,0x0000023a508b21a8] = 24
 scopes pcs     [0x0000023a508b21a8,0x0000023a508b2348] = 416
 scopes data    [0x0000023a508b2348,0x0000023a508b25a0] = 600

[Constant Pool (empty)]

[MachCode]
[Instructions begin]
  0x0000023a36d989c0: 6666 660f | 1f84 0000 | 0000 0066 | 6666 9066 | 6690 448b | 5208 443b 

  0x0000023a36d989d8: ;   {runtime_call ic_miss_stub}
  0x0000023a36d989d8: 5008 0f85 | 005b b5ff 
[Verified Entry Point]
  0x0000023a36d989e0: 8984 2400 | 80ff ff55 | 4881 ec00 | 0100 0090 | 4181 7f20 | 0300 0000 

  0x0000023a36d989f8: ;   {runtime_call StubRoutines (final stubs)}
  0x0000023a36d989f8: 7405 e841 | edb3 ff48 | 8994 24a0 | 0000 004c | 8984 2490 | 0000 004c | 898c 2498 | 0000 0049 
  0x0000023a36d98a18: 8bd1 6666 | 9048 b890 | 9f6f 503a 

  0x0000023a36d98a24: ;   {virtual_call}
  0x0000023a36d98a24: 0200 00e8 

  0x0000023a36d98a28: ; ImmutableOopMap {[144]=Oop [152]=Oop [160]=Oop }
                      ;*invokevirtual getCodeSourceURL {reexecute=0 rethrow=0 return_oop=0}
                      ; - jdk.internal.loader.BuiltinClassLoader::defineClass@1 (line 842)
  0x0000023a36d98a28: e46b 0000 

  0x0000023a36d98a2c: ;   {other}
  0x0000023a36d98a2c: 0f1f 8400 | a402 0000 | 4889 8424 | a800 0000 | 4c8b 8424 | 9000 0000 

  0x0000023a36d98a44: ; implicit exception: dispatches to 0x0000023a36d99012
  0x0000023a36d98a44: 418b 7014 

  0x0000023a36d98a48: ; implicit exception: dispatches to 0x0000023a36d99017
  0x0000023a36d98a48: 8b56 0c45 | 0fbe 4810 | 498b c9c1 | e118 c1f9 | 18d3 fa48 | 8bfa ffcf | 4585 c9ba | 0000 0000 
  0x0000023a36d98a68: 7505 ba01 | 0000 0083 | e201 85d2 | 488b d641 | b82e 0000 | 004c 8bcf | 0f84 1300 

  0x0000023a36d98a84: ;   {static_call}
  0x0000023a36d98a84: 0000 90e8 

  0x0000023a36d98a88: ; ImmutableOopMap {[144]=Oop [152]=Oop [160]=Oop [168]=Oop }
                      ;*invokestatic lastIndexOf {reexecute=0 rethrow=0 return_oop=0}
                      ; - java.lang.String::lastIndexOf@13 (line 2664)
                      ; - java.lang.String::lastIndexOf@8 (line 2626)
                      ; - jdk.internal.loader.BuiltinClassLoader::defineClass@8 (line 845)
  0x0000023a36d98a88: 9400 c2ff 

  0x0000023a36d98a8c: ;   {other}
  0x0000023a36d98a8c: 0f1f 8400 | 0403 0001 | e913 0000 | 0066 0f1f 

  0x0000023a36d98a9c: ;   {static_call}
  0x0000023a36d98a9c: 4400 00e8 

  0x0000023a36d98aa0: ; ImmutableOopMap {[144]=Oop [152]=Oop [160]=Oop [168]=Oop }
                      ;*invokestatic lastIndexOf {reexecute=0 rethrow=0 return_oop=0}
                      ; - java.lang.String::lastIndexOf@25 (line 2665)
                      ; - java.lang.String::lastIndexOf@8 (line 2626)
                      ; - jdk.internal.loader.BuiltinClassLoader::defineClass@8 (line 845)
  0x0000023a36d98aa0: 3c63 b5ff 

  0x0000023a36d98aa4: ;   {other}
  0x0000023a36d98aa4: 0f1f 8400 | 1c03 0002 | 83f8 ff0f | 847f 0000 | 0041 b800 | 0000 004c | 8bc8 488b | 9424 9000 
  0x0000023a36d98ac4: ;   {optimized virtual_call}
  0x0000023a36d98ac4: 0000 90e8 

  0x0000023a36d98ac8: ; ImmutableOopMap {[144]=Oop [152]=Oop [160]=Oop [168]=Oop }
                      ;*invokevirtual substring {reexecute=0 rethrow=0 return_oop=0}
                      ; - jdk.internal.loader.BuiltinClassLoader::defineClass@23 (line 847)
  0x0000023a36d98ac8: b4d8 d6ff 

  0x0000023a36d98acc: ;   {other}
  0x0000023a36d98acc: 0f1f 8400 | 4403 0003 | 488b 9424 | 9800 0000 | 4889 8424 | b000 0000 | 9048 b8b8 | 9f6f 503a 
  0x0000023a36d98aec: ;   {virtual_call}
  0x0000023a36d98aec: 0200 00e8 

  0x0000023a36d98af0: ; ImmutableOopMap {[144]=Oop [152]=Oop [160]=Oop [168]=Oop [176]=Oop }
                      ;*invokevirtual getManifest {reexecute=0 rethrow=0 return_oop=0}
                      ; - jdk.internal.loader.BuiltinClassLoader::defineClass@29 (line 848)
  0x0000023a36d98af0: dc71 0000 

  0x0000023a36d98af4: ;   {other}
  0x0000023a36d98af4: 0f1f 8400 | 6c03 0004 | 4c8b 8424 | b000 0000 | 4c8b c848 | 8bbc 24a8 | 0000 0048 | 8b94 24a0 
  0x0000023a36d98b14: 0000 0066 | 0f1f 4400 | 0048 b8e0 | 9f6f 503a 

  0x0000023a36d98b24: ;   {virtual_call}
  0x0000023a36d98b24: 0200 00e8 

  0x0000023a36d98b28: ; ImmutableOopMap {[144]=Oop [152]=Oop [160]=Oop [168]=Oop }
                      ;*invokevirtual defineOrCheckPackage {reexecute=0 rethrow=0 return_oop=0}
                      ; - jdk.internal.loader.BuiltinClassLoader::defineClass@40 (line 849)
  0x0000023a36d98b28: 86f3 ffff 

  0x0000023a36d98b2c: ;   {other}
  0x0000023a36d98b2c: 0f1f 8400 | a403 0005 | 4c8b 8c24 | 9800 0000 | 488d 9424 | e000 0000 | 4c89 4a08 | 498b 0141 
  0x0000023a36d98b4c: 8bb7 1806 | 0000 81fe | 6806 0000 | 0f8d be04 | 0000 4d3b | 4c37 f80f | 8425 0000 | 00a8 020f 
  0x0000023a36d98b6c: 85ab 0400 | 0048 8bf0 | 4883 e6fe | 4883 c801 | f049 0fb1 | 310f 8595 | 0400 0041 | 8bb7 1806 
  0x0000023a36d98b8c: 0000 4d89 | 0c37 83c6 | 0841 89b7 | 1806 0000 | 49ff 8750 | 0500 0041 | 8b51 0c48 | 85d2 0f85 
  0x0000023a36d98bac: 4c00 0000 | 498b d166 | 9048 b808 | a06f 503a 

  0x0000023a36d98bbc: ;   {virtual_call}
  0x0000023a36d98bbc: 0200 00e8 

  0x0000023a36d98bc0: ; ImmutableOopMap {[144]=Oop [152]=Oop [160]=Oop [168]=Oop [232]=Oop }
                      ;*invokevirtual getInputStream {reexecute=0 rethrow=0 return_oop=0}
                      ; - jdk.internal.loader.Resource::cachedInputStream@9 (line 77)
                      ; - jdk.internal.loader.Resource::getByteBuffer@1 (line 163)
                      ; - jdk.internal.loader.BuiltinClassLoader::defineClass@45 (line 853)
  0x0000023a36d98bc0: dc2b c1ff 

  0x0000023a36d98bc4: ;   {other}
  0x0000023a36d98bc4: 0f1f 8400 | 3c04 0006 | 410f be57 | 3885 d24c | 8b8c 2498 | 0000 000f | 854e 0400 | 004c 8bd0 
  0x0000023a36d98be4: 4589 510c | 498b d148 | 33d0 48c1 | ea14 4883 | fa00 0f85 | 4f04 0000 | 418b 510c | 488d 8424 
  0x0000023a36d98c04: e000 0000 | 488b 7808 | 418b b718 | 0600 0049 | 3b7c 37f8 | 0f85 4504 | 0000 4183 | af18 0600 
  0x0000023a36d98c24: 0008 493b | 7c37 f00f | 842a 0000 | 0048 8b07 | a802 0f85 | 1200 0000 | 488b f048 | 83ce 01f0 
  0x0000023a36d98c44: 480f b137 | 0f84 0d00 | 0000 4183 | 8718 0600 | 0008 e908 | 0400 0049 | ff8f 5005 | 0000 4885 
  0x0000023a36d98c64: d20f 8443 

  0x0000023a36d98c68: ;   {metadata('sun/nio/ByteBuffered')}
  0x0000023a36d98c68: 0000 0048 | b838 3a40 | 3e3a 0200 | 008b 5a08 | 49ba 0000 | 003e 3a02 | 0000 4903 | da48 3b43 
  0x0000023a36d98c88: 200f 8424 | 0000 0048 | 3bd8 0f84 | 1b00 0000 

  0x0000023a36d98c98: ;   {runtime_call slow_subtype_check Runtime1 stub}
  0x0000023a36d98c98: 5350 e821 | 7bc0 ff5b | 5b85 db0f | 8405 0000 | 00e9 0500 | 0000 4833 | f6eb 05be | 0100 0000 
  0x0000023a36d98cb8: 85f6 0f84 | 6900 0000 | 4885 d20f | 8443 0000 

  0x0000023a36d98cc8: ;   {metadata('sun/nio/ByteBuffered')}
  0x0000023a36d98cc8: 0048 bb38 | 3a40 3e3a | 0200 008b | 7a08 49ba | 0000 003e | 3a02 0000 | 4903 fa48 | 3b5f 200f 
  0x0000023a36d98ce8: 841f 0000 | 0048 3bfb | 0f84 1600 | 0000 5753 

  0x0000023a36d98cf8: ;   {runtime_call slow_subtype_check Runtime1 stub}
  0x0000023a36d98cf8: e8c3 7ac0 | ff5f 5f85 | ff0f 8472 | 0300 00e9 | 0000 0000 | 9048 b830 | a06f 503a 

  0x0000023a36d98d14: ;   {virtual_call}
  0x0000023a36d98d14: 0200 00e8 

  0x0000023a36d98d18: ; ImmutableOopMap {[144]=Oop [152]=Oop [160]=Oop [168]=Oop }
                      ;*invokeinterface getByteBuffer {reexecute=0 rethrow=0 return_oop=0}
                      ; - jdk.internal.loader.Resource::getByteBuffer@16 (line 165)
                      ; - jdk.internal.loader.BuiltinClassLoader::defineClass@45 (line 853)
  0x0000023a36d98d18: c45d b5ff 

  0x0000023a36d98d1c: ;   {other}
  0x0000023a36d98d1c: 0f1f 8400 | 9405 0007 | e90a 0000 

  0x0000023a36d98d28: ;   {oop(nullptr)}
  0x0000023a36d98d28: 0048 b800 | 0000 0000 | 0000 0048 | 85c0 0f84 | 0601 0000 | 4889 8424 | b800 0000 | 488b 9424 
  0x0000023a36d98d48: 9800 0000 | 9048 b858 | a06f 503a 

  0x0000023a36d98d54: ;   {virtual_call}
  0x0000023a36d98d54: 0200 00e8 

  0x0000023a36d98d58: ; ImmutableOopMap {[144]=Oop [160]=Oop [168]=Oop [184]=Oop }
                      ;*invokevirtual getCodeSigners {reexecute=0 rethrow=0 return_oop=0}
                      ; - jdk.internal.loader.BuiltinClassLoader::defineClass@56 (line 855)
  0x0000023a36d98d58: 845d b5ff 

  0x0000023a36d98d5c: ;   {other}
  0x0000023a36d98d5c: 0f1f 8400 | d405 0008 

  0x0000023a36d98d64: ;   {metadata('java/security/CodeSource')}
  0x0000023a36d98d64: 4c8b c848 | ba30 8216 | 3e3a 0200 | 0049 8b87 | b801 0000 | 488d 7828 | 493b bfc8 | 0100 000f 
  0x0000023a36d98d84: 87f9 0200 | 0049 89bf | b801 0000 | 48c7 0001 | 0000 0048 | 8bca 49ba | 0000 003e | 3a02 0000 
  0x0000023a36d98da4: 492b ca89 | 4808 4833 | c989 480c | 4833 c948 | 8948 1048 | 8948 1848 | 8948 204c | 8b84 24a8 
  0x0000023a36d98dc4: 0000 0048 | 8bd0 4889 | 8424 c000 | 0000 0f1f 

  0x0000023a36d98dd4: ;   {optimized virtual_call}
  0x0000023a36d98dd4: 4400 00e8 

  0x0000023a36d98dd8: ; ImmutableOopMap {[144]=Oop [160]=Oop [184]=Oop [192]=Oop }
                      ;*invokespecial <init> {reexecute=0 rethrow=0 return_oop=0}
                      ; - jdk.internal.loader.BuiltinClassLoader::defineClass@68 (line 856)
  0x0000023a36d98dd8: 045a b5ff 

  0x0000023a36d98ddc: ;   {other}
  0x0000023a36d98ddc: 0f1f 8400 | 5406 0009 | 4c8b 8424 | c000 0000 | 488b 9424 | a000 0000 

  0x0000023a36d98df4: ;   {optimized virtual_call}
  0x0000023a36d98df4: 6666 90e8 

  0x0000023a36d98df8: ; ImmutableOopMap {[144]=Oop [160]=Oop [184]=Oop }
                      ;*invokevirtual getProtectionDomain {reexecute=0 rethrow=0 return_oop=0}
                      ; - java.security.SecureClassLoader::defineClass@5 (line 182)
                      ; - jdk.internal.loader.BuiltinClassLoader::defineClass@79 (line 857)
  0x0000023a36d98df8: e459 b5ff 

  0x0000023a36d98dfc: ;   {other}
  0x0000023a36d98dfc: 0f1f 8400 | 7406 000a | 4c8b 8424 | 9000 0000 | 4c8b 8c24 | b800 0000 | 488b f848 | 8b94 24a0 
  0x0000023a36d98e1c: ;   {optimized virtual_call}
  0x0000023a36d98e1c: 0000 00e8 

  0x0000023a36d98e20: ; ImmutableOopMap {}
                      ;*invokevirtual defineClass {reexecute=0 rethrow=0 return_oop=0}
                      ; - java.security.SecureClassLoader::defineClass@8 (line 182)
                      ; - jdk.internal.loader.BuiltinClassLoader::defineClass@79 (line 857)
  0x0000023a36d98e20: bc59 b5ff 

  0x0000023a36d98e24: ;   {other}
  0x0000023a36d98e24: 0f1f 8400 | 9c06 000b | 4881 c400 | 0100 005d 

  0x0000023a36d98e34: ;   {poll_return}
  0x0000023a36d98e34: 493b a748 | 0400 000f | 874e 0200 | 00c3 4c8b | 8c24 9800 | 0000 498b | d148 b880 | a06f 503a 
  0x0000023a36d98e54: ;   {virtual_call}
  0x0000023a36d98e54: 0200 00e8 

  0x0000023a36d98e58: ; ImmutableOopMap {[144]=Oop [152]=Oop [160]=Oop [168]=Oop }
                      ;*invokevirtual getBytes {reexecute=0 rethrow=0 return_oop=0}
                      ; - jdk.internal.loader.BuiltinClassLoader::defineClass@84 (line 859)
  0x0000023a36d98e58: 942a c1ff 

  0x0000023a36d98e5c: ;   {other}
  0x0000023a36d98e5c: 0f1f 8400 | d406 000c | 4889 8424 | c800 0000 | 488b 9424 | 9800 0000 | 9048 b8a8 | a06f 503a 
  0x0000023a36d98e7c: ;   {virtual_call}
  0x0000023a36d98e7c: 0200 00e8 

  0x0000023a36d98e80: ; ImmutableOopMap {[144]=Oop [160]=Oop [168]=Oop [200]=Oop }
                      ;*invokevirtual getCodeSigners {reexecute=0 rethrow=0 return_oop=0}
                      ; - jdk.internal.loader.BuiltinClassLoader::defineClass@90 (line 860)
  0x0000023a36d98e80: ec28 c1ff 

  0x0000023a36d98e84: ;   {other}
  0x0000023a36d98e84: 0f1f 8400 | fc06 000d 

  0x0000023a36d98e8c: ;   {metadata('java/security/CodeSource')}
  0x0000023a36d98e8c: 4c8b c848 | ba30 8216 | 3e3a 0200 | 0049 8b87 | b801 0000 | 488d 7828 | 493b bfc8 | 0100 000f 
  0x0000023a36d98eac: 87f4 0100 | 0049 89bf | b801 0000 | 48c7 0001 | 0000 0048 | 8bca 49ba | 0000 003e | 3a02 0000 
  0x0000023a36d98ecc: 492b ca89 | 4808 4833 | c989 480c | 4833 c948 | 8948 1048 | 8948 1848 | 8948 204c | 8b84 24a8 
  0x0000023a36d98eec: 0000 0048 | 8bd0 4889 | 8424 d000 | 0000 0f1f 

  0x0000023a36d98efc: ;   {optimized virtual_call}
  0x0000023a36d98efc: 4400 00e8 

  0x0000023a36d98f00: ; ImmutableOopMap {[144]=Oop [160]=Oop [200]=Oop [208]=Oop }
                      ;*invokespecial <init> {reexecute=0 rethrow=0 return_oop=0}
                      ; - jdk.internal.loader.BuiltinClassLoader::defineClass@102 (line 861)
  0x0000023a36d98f00: dccd ffff 

  0x0000023a36d98f04: ;   {other}
  0x0000023a36d98f04: 0f1f 8400 | 7c07 000e | 488b 8424 | c800 0000 

  0x0000023a36d98f14: ; implicit exception: dispatches to 0x0000023a36d990b2
  0x0000023a36d98f14: 8b70 0c4c | 8b84 24d0 | 0000 0048 | 8b94 24a0 | 0000 0089 | b424 d800 

  0x0000023a36d98f2c: ;   {optimized virtual_call}
  0x0000023a36d98f2c: 0000 90e8 

  0x0000023a36d98f30: ; ImmutableOopMap {[144]=Oop [160]=Oop [200]=Oop }
                      ;*invokevirtual getProtectionDomain {reexecute=0 rethrow=0 return_oop=0}
                      ; - java.security.SecureClassLoader::defineClass@9 (line 150)
                      ; - jdk.internal.loader.BuiltinClassLoader::defineClass@117 (line 862)
  0x0000023a36d98f30: 2cae ffff 

  0x0000023a36d98f34: ;   {other}
  0x0000023a36d98f34: 0f1f 8400 | ac07 000f | 4c8b 8424 | 9000 0000 | 4c8b 8c24 | c800 0000 | bf00 0000 | 008b b424 
  0x0000023a36d98f54: d800 0000 | 488b c848 | 8b94 24a0 | 0000 000f 

  0x0000023a36d98f64: ;   {optimized virtual_call}
  0x0000023a36d98f64: 1f40 00e8 

  0x0000023a36d98f68: ; ImmutableOopMap {}
                      ;*invokevirtual defineClass {reexecute=0 rethrow=0 return_oop=0}
                      ; - java.security.SecureClassLoader::defineClass@12 (line 150)
                      ; - jdk.internal.loader.BuiltinClassLoader::defineClass@117 (line 862)
  0x0000023a36d98f68: 94e8 ffff 

  0x0000023a36d98f6c: ;   {other}
  0x0000023a36d98f6c: 0f1f 8400 | e407 0010 | 4881 c400 | 0100 005d 

  0x0000023a36d98f7c: ;   {poll_return}
  0x0000023a36d98f7c: 493b a748 | 0400 000f | 872e 0100 | 00c3 498b | 8700 0500 | 004d 33d2 | 4d89 9700 | 0500 004d 
  0x0000023a36d98f9c: 33d2 4d89 | 9708 0500 | 0048 8bf0 | 488d 8424 | e000 0000 | 488b 5808 | 418b bf18 | 0600 0049 
  0x0000023a36d98fbc: 3b5c 3ff8 | 0f85 0701 | 0000 4183 | af18 0600 | 0008 493b | 5c3f f00f | 842a 0000 | 0048 8b03 
  0x0000023a36d98fdc: a802 0f85 | 1200 0000 | 488b f848 | 83cf 01f0 | 480f b13b | 0f84 0d00 | 0000 4183 | 8718 0600 
  0x0000023a36d98ffc: 0008 e9ca | 0000 0049 | ff8f 5005 | 0000 488b | c6e9 ee00 

  0x0000023a36d99010: ;   {runtime_call throw_null_pointer_exception Runtime1 stub}
  0x0000023a36d99010: 0000 e8c9 

  0x0000023a36d99014: ; ImmutableOopMap {rax=Oop r8=Oop [144]=Oop [152]=Oop [160]=Oop [168]=Oop }
                      ;*invokevirtual lastIndexOf {reexecute=0 rethrow=0 return_oop=0}
                      ; - jdk.internal.loader.BuiltinClassLoader::defineClass@8 (line 845)
                      ;   {runtime_call throw_null_pointer_exception Runtime1 stub}
  0x0000023a36d99014: 44c0 ffe8 

  0x0000023a36d99018: ; ImmutableOopMap {rax=Oop r8=Oop rsi=Oop [144]=Oop [152]=Oop [160]=Oop [168]=Oop }
                      ;*arraylength {reexecute=0 rethrow=0 return_oop=0}
                      ; - java.lang.String::length@4 (line 1593)
                      ; - java.lang.String::lastIndexOf@3 (line 2626)
                      ; - jdk.internal.loader.BuiltinClassLoader::defineClass@8 (line 845)
  0x0000023a36d99018: c444 c0ff | 4c89 4c24 | 0848 8914 

  0x0000023a36d99024: ;   {runtime_call monitorenter_nofpu Runtime1 stub}
  0x0000023a36d99024: 24e8 b67d 

  0x0000023a36d99028: ; ImmutableOopMap {r9=Oop [144]=Oop [152]=Oop [160]=Oop [168]=Oop [232]=Oop }
                      ;*synchronization entry
                      ; - jdk.internal.loader.Resource::cachedInputStream@-1 (line 76)
                      ; - jdk.internal.loader.Resource::getByteBuffer@1 (line 163)
                      ; - jdk.internal.loader.BuiltinClassLoader::defineClass@45 (line 853)
  0x0000023a36d99028: c0ff e974 | fbff ff41 | 8b51 0c48 | 83fa 000f | 84a4 fbff | ff48 8914 

  0x0000023a36d99040: ;   {runtime_call g1_pre_barrier_slow}
  0x0000023a36d99040: 24e8 1ac4 | c0ff e996 | fbff ff48 | 83f8 000f | 84a7 fbff | ff4c 890c 

  0x0000023a36d99058: ;   {runtime_call g1_post_barrier_slow}
  0x0000023a36d99058: 24e8 02c7 | c0ff e999 | fbff ff48 | 8d84 24e0 | 0000 0048 

  0x0000023a36d9906c: ;   {runtime_call monitorexit_nofpu Runtime1 stub}
  0x0000023a36d9906c: 8904 24e8 | ec87 c0ff | e9e9 fbff | ff48 8914 

  0x0000023a36d9907c: ;   {runtime_call throw_class_cast_exception Runtime1 stub}
  0x0000023a36d9907c: 24e8 5e71 

  0x0000023a36d99080: ; ImmutableOopMap {[144]=Oop [152]=Oop [160]=Oop [168]=Oop }
                      ;*checkcast {reexecute=0 rethrow=0 return_oop=0}
                      ; - jdk.internal.loader.Resource::getByteBuffer@13 (line 165)
                      ; - jdk.internal.loader.BuiltinClassLoader::defineClass@45 (line 853)
  0x0000023a36d99080: c0ff 488b 

  0x0000023a36d99084: ;   {runtime_call fast_new_instance Runtime1 stub}
  0x0000023a36d99084: d2e8 564d 

  0x0000023a36d99088: ; ImmutableOopMap {r9=Oop [144]=Oop [160]=Oop [168]=Oop [184]=Oop }
                      ;*new {reexecute=0 rethrow=0 return_oop=0}
                      ; - jdk.internal.loader.BuiltinClassLoader::defineClass@61 (line 856)
  0x0000023a36d99088: c0ff e930 

  0x0000023a36d9908c: ;   {internal_word}
  0x0000023a36d9908c: fdff ff49 | ba34 8ed9 | 363a 0200 | 004d 8997 | 6004 0000 

  0x0000023a36d990a0: ;   {runtime_call SafepointBlob}
  0x0000023a36d990a0: e93b c3b5 | ff48 8bd2 

  0x0000023a36d990a8: ;   {runtime_call fast_new_instance Runtime1 stub}
  0x0000023a36d990a8: e833 4dc0 

  0x0000023a36d990ac: ; ImmutableOopMap {r9=Oop [144]=Oop [160]=Oop [168]=Oop [200]=Oop }
                      ;*new {reexecute=0 rethrow=0 return_oop=0}
                      ; - jdk.internal.loader.BuiltinClassLoader::defineClass@95 (line 861)
  0x0000023a36d990ac: ffe9 35fe 

  0x0000023a36d990b0: ;   {runtime_call throw_null_pointer_exception Runtime1 stub}
  0x0000023a36d990b0: ffff e829 

  0x0000023a36d990b4: ; ImmutableOopMap {rax=Oop [144]=Oop [160]=Oop [200]=Oop [208]=Oop }
                      ;*arraylength {reexecute=0 rethrow=0 return_oop=0}
                      ; - jdk.internal.loader.BuiltinClassLoader::defineClass@114 (line 862)
                      ;   {internal_word}
  0x0000023a36d990b4: 44c0 ff49 | ba7c 8fd9 | 363a 0200 | 004d 8997 | 6004 0000 

  0x0000023a36d990c8: ;   {runtime_call SafepointBlob}
  0x0000023a36d990c8: e913 c3b5 | ff48 8d84 | 24e0 0000 | 0048 8904 

  0x0000023a36d990d8: ;   {runtime_call monitorexit_nofpu Runtime1 stub}
  0x0000023a36d990d8: 24e8 8287 | c0ff e927 | ffff ff49 | 8b87 0005 | 0000 49c7 | 8700 0500 | 0000 0000 | 0049 c787 
  0x0000023a36d990f8: 0805 0000 | 0000 0000 | 4881 c400 | 0100 005d 

  0x0000023a36d99108: ;   {runtime_call unwind_exception Runtime1 stub}
  0x0000023a36d99108: e9d3 34c0 | fff4 f4f4 
[Stub Code]
  0x0000023a36d99110: ;   {no_reloc}
  0x0000023a36d99110: 0f1f 4400 

  0x0000023a36d99114: ;   {static_stub}
  0x0000023a36d99114: 0048 bb00 | 0000 0000 

  0x0000023a36d9911c: ;   {runtime_call nmethod}
  0x0000023a36d9911c: 0000 00e9 | fbff ffff 

  0x0000023a36d99124: ;   {static_stub}
  0x0000023a36d99124: 9048 bb00 | 0000 0000 

  0x0000023a36d9912c: ;   {runtime_call nmethod}
  0x0000023a36d9912c: 0000 00e9 | fbff ffff 

  0x0000023a36d99134: ;   {static_stub}
  0x0000023a36d99134: 9048 bb00 | 0000 0000 

  0x0000023a36d9913c: ;   {runtime_call nmethod}
  0x0000023a36d9913c: 0000 00e9 | fbff ffff 

  0x0000023a36d99144: ;   {static_stub}
  0x0000023a36d99144: 9048 bb00 | 0000 0000 

  0x0000023a36d9914c: ;   {runtime_call nmethod}
  0x0000023a36d9914c: 0000 00e9 | fbff ffff 

  0x0000023a36d99154: ;   {static_stub}
  0x0000023a36d99154: 9048 bb00 | 0000 0000 

  0x0000023a36d9915c: ;   {runtime_call nmethod}
  0x0000023a36d9915c: 0000 00e9 | fbff ffff 

  0x0000023a36d99164: ;   {static_stub}
  0x0000023a36d99164: 9048 bb00 | 0000 0000 

  0x0000023a36d9916c: ;   {runtime_call nmethod}
  0x0000023a36d9916c: 0000 00e9 | fbff ffff 

  0x0000023a36d99174: ;   {static_stub}
  0x0000023a36d99174: 9048 bb00 | 0000 0000 

  0x0000023a36d9917c: ;   {runtime_call nmethod}
  0x0000023a36d9917c: 0000 00e9 | fbff ffff 

  0x0000023a36d99184: ;   {static_stub}
  0x0000023a36d99184: 9048 bb00 | 0000 0000 

  0x0000023a36d9918c: ;   {runtime_call nmethod}
  0x0000023a36d9918c: 0000 00e9 | fbff ffff 

  0x0000023a36d99194: ;   {static_stub}
  0x0000023a36d99194: 48bb 0000 | 0000 0000 

  0x0000023a36d9919c: ;   {runtime_call nmethod}
  0x0000023a36d9919c: 0000 e9fb 

  0x0000023a36d991a0: ;   {static_stub}
  0x0000023a36d991a0: ffff ff48 | bb00 0000 | 0000 0000 

  0x0000023a36d991ac: ;   {runtime_call nmethod}
  0x0000023a36d991ac: 00e9 fbff 

  0x0000023a36d991b0: ;   {static_stub}
  0x0000023a36d991b0: ffff 48bb | 0000 0000 | 0000 0000 

  0x0000023a36d991bc: ;   {runtime_call nmethod}
  0x0000023a36d991bc: e9fb ffff 

  0x0000023a36d991c0: ;   {static_stub}
  0x0000023a36d991c0: ff48 bb00 | 0000 0000 

  0x0000023a36d991c8: ;   {runtime_call nmethod}
  0x0000023a36d991c8: 0000 00e9 | fbff ffff 

  0x0000023a36d991d0: ;   {static_stub}
  0x0000023a36d991d0: 48bb 0000 | 0000 0000 

  0x0000023a36d991d8: ;   {runtime_call nmethod}
  0x0000023a36d991d8: 0000 e9fb 

  0x0000023a36d991dc: ;   {static_stub}
  0x0000023a36d991dc: ffff ff48 | bb00 0000 | 0000 0000 

  0x0000023a36d991e8: ;   {runtime_call nmethod}
  0x0000023a36d991e8: 00e9 fbff 

  0x0000023a36d991ec: ;   {static_stub}
  0x0000023a36d991ec: ffff 48bb | 0000 0000 | 0000 0000 

  0x0000023a36d991f8: ;   {runtime_call nmethod}
  0x0000023a36d991f8: e9fb ffff 

  0x0000023a36d991fc: ;   {runtime_call handle_exception_from_callee Runtime1 stub}
  0x0000023a36d991fc: ffe8 de69 

  0x0000023a36d99200: ;   {external_word}
  0x0000023a36d99200: c0ff 48b9 | 40d5 1724 | f87f 0000 | 4883 e4f0 

  0x0000023a36d99210: ;   {runtime_call}
  0x0000023a36d99210: 48b8 704a | de23 f87f | 0000 ffd0 

  0x0000023a36d9921c: ;   {section_word}
  0x0000023a36d9921c: f449 ba1d | 92d9 363a | 0200 0041 

  0x0000023a36d99228: ;   {runtime_call DeoptimizationBlob}
  0x0000023a36d99228: 52e9 52b4 | b5ff f4f4 
[/MachCode]


---------------  P R O C E S S  ---------------

Threads class SMR info:
_java_thread_list=0x0000023a521454e0, length=19, elements={
0x0000023a2e185df0, 0x0000023a3d3a00e0, 0x0000023a3d3a1960, 0x0000023a3d3a86d0,
0x0000023a3d3a93b0, 0x0000023a3d3aae20, 0x0000023a3d3ab880, 0x0000023a3d3ac2e0,
0x0000023a3d44d640, 0x0000023a3d52dc90, 0x0000023a3d53a690, 0x0000023a3d6b7260,
0x0000023a3db64410, 0x0000023a3d78af60, 0x0000023a3dd978a0, 0x0000023a3dd92f70,
0x0000023a3ddccbc0, 0x0000023a3de2b390, 0x0000023a5115db30
}

Java Threads: ( => current thread )
=>0x0000023a2e185df0 JavaThread "main"                              [_thread_in_vm, id=29112, stack(0x000000a799500000,0x000000a799600000) (1024K)]
  0x0000023a3d3a00e0 JavaThread "Reference Handler"          daemon [_thread_blocked, id=21064, stack(0x000000a799d00000,0x000000a799e00000) (1024K)]
  0x0000023a3d3a1960 JavaThread "Finalizer"                  daemon [_thread_blocked, id=20456, stack(0x000000a799e00000,0x000000a799f00000) (1024K)]
  0x0000023a3d3a86d0 JavaThread "Signal Dispatcher"          daemon [_thread_blocked, id=18300, stack(0x000000a799f00000,0x000000a79a000000) (1024K)]
  0x0000023a3d3a93b0 JavaThread "Attach Listener"            daemon [_thread_blocked, id=15044, stack(0x000000a79a000000,0x000000a79a100000) (1024K)]
  0x0000023a3d3aae20 JavaThread "Service Thread"             daemon [_thread_blocked, id=10736, stack(0x000000a79a100000,0x000000a79a200000) (1024K)]
  0x0000023a3d3ab880 JavaThread "Monitor Deflation Thread"   daemon [_thread_blocked, id=11540, stack(0x000000a79a200000,0x000000a79a300000) (1024K)]
  0x0000023a3d3ac2e0 JavaThread "C1 CompilerThread0"         daemon [_thread_blocked, id=25228, stack(0x000000a79a300000,0x000000a79a400000) (1024K)]
  0x0000023a3d44d640 JavaThread "Common-Cleaner"             daemon [_thread_blocked, id=17784, stack(0x000000a79a400000,0x000000a79a500000) (1024K)]
  0x0000023a3d52dc90 JavaThread "C1 CompilerThread1"         daemon [_thread_blocked, id=24224, stack(0x000000a79a500000,0x000000a79a600000) (1024K)]
  0x0000023a3d53a690 JavaThread "C1 CompilerThread2"         daemon [_thread_blocked, id=22572, stack(0x000000a79a600000,0x000000a79a700000) (1024K)]
  0x0000023a3d6b7260 JavaThread "C1 CompilerThread3"         daemon [_thread_blocked, id=13588, stack(0x000000a79a700000,0x000000a79a800000) (1024K)]
  0x0000023a3db64410 JavaThread "Monitor Ctrl-Break"         daemon [_thread_in_native, id=23684, stack(0x000000a79a800000,0x000000a79a900000) (1024K)]
  0x0000023a3d78af60 JavaThread "Notification Thread"        daemon [_thread_blocked, id=6004, stack(0x000000a79a900000,0x000000a79aa00000) (1024K)]
  0x0000023a3dd978a0 JavaThread "RMI TCP Accept-0"           daemon [_thread_in_native, id=27924, stack(0x000000a79aa00000,0x000000a79ab00000) (1024K)]
  0x0000023a3dd92f70 JavaThread "RMI TCP Connection(1)-192.168.1.9" daemon [_thread_in_native, id=24096, stack(0x000000a79ab00000,0x000000a79ac00000) (1024K)]
  0x0000023a3ddccbc0 JavaThread "RMI Scheduler(0)"           daemon [_thread_blocked, id=9416, stack(0x000000a79ac00000,0x000000a79ad00000) (1024K)]
  0x0000023a3de2b390 JavaThread "JMX server connection timeout 26" daemon [_thread_blocked, id=28824, stack(0x000000a79ad00000,0x000000a79ae00000) (1024K)]
  0x0000023a5115db30 JavaThread "spring.cloud.inetutils"     daemon [_thread_in_native, id=19176, stack(0x000000a79ba00000,0x000000a79bb00000) (1024K)]
Total: 19

Other Threads:
  0x0000023a3d3832d0 VMThread "VM Thread"                           [id=20768, stack(0x000000a799c00000,0x000000a799d00000) (1024K)]
  0x0000023a3d375f50 WatcherThread "VM Periodic Task Thread"        [id=22972, stack(0x000000a799b00000,0x000000a799c00000) (1024K)]
  0x0000023a2e1b0150 WorkerThread "GC Thread#0"                     [id=4056, stack(0x000000a799600000,0x000000a799700000) (1024K)]
  0x0000023a3de6eeb0 WorkerThread "GC Thread#1"                     [id=14104, stack(0x000000a79ae00000,0x000000a79af00000) (1024K)]
  0x0000023a3de6f260 WorkerThread "GC Thread#2"                     [id=29080, stack(0x000000a79af00000,0x000000a79b000000) (1024K)]
  0x0000023a3de6f610 WorkerThread "GC Thread#3"                     [id=25568, stack(0x000000a79b000000,0x000000a79b100000) (1024K)]
  0x0000023a3de7d9f0 WorkerThread "GC Thread#4"                     [id=29248, stack(0x000000a79b100000,0x000000a79b200000) (1024K)]
  0x0000023a3de7dda0 WorkerThread "GC Thread#5"                     [id=15388, stack(0x000000a79b200000,0x000000a79b300000) (1024K)]
  0x0000023a3ded0ce0 WorkerThread "GC Thread#6"                     [id=28216, stack(0x000000a79b300000,0x000000a79b400000) (1024K)]
  0x0000023a3ded14a0 WorkerThread "GC Thread#7"                     [id=9692, stack(0x000000a79b400000,0x000000a79b500000) (1024K)]
  0x0000023a3ded1850 WorkerThread "GC Thread#8"                     [id=7664, stack(0x000000a79b500000,0x000000a79b600000) (1024K)]
  0x0000023a3ded1c00 WorkerThread "GC Thread#9"                     [id=27740, stack(0x000000a79b600000,0x000000a79b700000) (1024K)]
  0x0000023a2e1b68c0 ConcurrentGCThread "G1 Main Marker"            [id=20960, stack(0x000000a799700000,0x000000a799800000) (1024K)]
  0x0000023a2e1b8200 WorkerThread "G1 Conc#0"                       [id=2180, stack(0x000000a799800000,0x000000a799900000) (1024K)]
  0x0000023a50d2bd40 WorkerThread "G1 Conc#1"                       [id=22840, stack(0x000000a79bc00000,0x000000a79bd00000) (1024K)]
  0x0000023a50d2cfb0 WorkerThread "G1 Conc#2"                       [id=25160, stack(0x000000a79bd00000,0x000000a79be00000) (1024K)]
  0x0000023a3d244290 ConcurrentGCThread "G1 Refine#0"               [id=29440, stack(0x000000a799900000,0x000000a799a00000) (1024K)]
  0x0000023a3d245ad0 ConcurrentGCThread "G1 Service"                [id=9256, stack(0x000000a799a00000,0x000000a799b00000) (1024K)]
Total: 18

Threads with active compile tasks:
Total: 0

VM state: not at safepoint (normal execution)

VM Mutex/Monitor currently owned by a thread:  ([mutex/lock_event])
[0x00007ff824421890] Metaspace_lock - owner thread: 0x0000023a2e185df0

Heap address: 0x00000000e0000000, size: 512 MB, Compressed Oops mode: 32-bit

CDS archive(s) mapped at: [0x0000023a3e000000-0x0000023a3ed70000-0x0000023a3ed70000), size 14090240, SharedBaseAddress: 0x0000023a3e000000, ArchiveRelocationMode: 1.
Compressed class space mapped at: 0x0000023a3f000000-0x0000023a4c000000, reserved size: 218103808
Narrow klass base: 0x0000023a3e000000, Narrow klass shift: 0, Narrow klass range: 0xe000000

GC Precious Log:
 CardTable entry size: 512
 Card Set container configuration: InlinePtr #cards 5 size 8 Array Of Cards #cards 10 size 36 Howl #buckets 4 coarsen threshold 1843 Howl Bitmap #cards 512 size 80 coarsen threshold 460 Card regions per heap region 1 cards per card region 2048
 CPUs: 12 total, 12 available
 Memory: 32452M
 Large Page Support: Disabled
 NUMA Support: Disabled
 Compressed Oops: Enabled (32-bit)
 Heap Region Size: 1M
 Heap Min Capacity: 256M
 Heap Initial Capacity: 256M
 Heap Max Capacity: 512M
 Pre-touch: Disabled
 Parallel Workers: 10
 Concurrent Workers: 3
 Concurrent Refinement Workers: 10
 Periodic GC: Disabled

Heap:
 garbage-first heap   total reserved 524288K, committed 262144K, used 98398K [0x00000000e0000000, 0x0000000100000000)
  region size 1024K, 82 young (83968K), 5 survivors (5120K)
 Metaspace       used 29352K, committed 29824K, reserved 278528K
  class space    used 4114K, committed 4288K, reserved 212992K

Heap Regions: E=young(eden), S=young(survivor), O=old, HS=humongous(starts), HC=humongous(continues), CS=collection set, F=free, TAMS=top-at-mark-start, PB=parsable bottom
|   0|0x00000000e0000000, 0x00000000e0100000, 0x00000000e0100000|100%|HS|  |TAMS 0x00000000e0000000| PB 0x00000000e0000000| Complete |  0
|   1|0x00000000e0100000, 0x00000000e0200000, 0x00000000e0200000|100%|HS|  |TAMS 0x00000000e0100000| PB 0x00000000e0100000| Complete |  0
|   2|0x00000000e0200000, 0x00000000e0300000, 0x00000000e0300000|100%|HS|  |TAMS 0x00000000e0200000| PB 0x00000000e0200000| Complete |  0
|   3|0x00000000e0300000, 0x00000000e0400000, 0x00000000e0400000|100%| O|  |TAMS 0x00000000e0300000| PB 0x00000000e0300000| Untracked |  0
|   4|0x00000000e0400000, 0x00000000e0500000, 0x00000000e0500000|100%| O|  |TAMS 0x00000000e0400000| PB 0x00000000e0400000| Untracked |  0
|   5|0x00000000e0500000, 0x00000000e0600000, 0x00000000e0600000|100%| O|  |TAMS 0x00000000e0500000| PB 0x00000000e0500000| Untracked |  0
|   6|0x00000000e0600000, 0x00000000e0700000, 0x00000000e0700000|100%| O|  |TAMS 0x00000000e0600000| PB 0x00000000e0600000| Untracked |  0
|   7|0x00000000e0700000, 0x00000000e0800000, 0x00000000e0800000|100%| O|  |TAMS 0x00000000e0700000| PB 0x00000000e0700000| Untracked |  0
|   8|0x00000000e0800000, 0x00000000e0900000, 0x00000000e0900000|100%| O|  |TAMS 0x00000000e0800000| PB 0x00000000e0800000| Untracked |  0
|   9|0x00000000e0900000, 0x00000000e0a00000, 0x00000000e0a00000|100%| O|Cm|TAMS 0x00000000e0900000| PB 0x00000000e0900000| Complete |  0
|  10|0x00000000e0a00000, 0x00000000e0b00000, 0x00000000e0b00000|100%| O|  |TAMS 0x00000000e0a00000| PB 0x00000000e0a00000| Untracked |  0
|  11|0x00000000e0b00000, 0x00000000e0bb7b10, 0x00000000e0c00000| 71%| O|  |TAMS 0x00000000e0b00000| PB 0x00000000e0b00000| Untracked |  0
|  12|0x00000000e0c00000, 0x00000000e0c00000, 0x00000000e0d00000|  0%| F|  |TAMS 0x00000000e0c00000| PB 0x00000000e0c00000| Untracked |  0
|  13|0x00000000e0d00000, 0x00000000e0e00000, 0x00000000e0e00000|100%| O|  |TAMS 0x00000000e0d00000| PB 0x00000000e0d00000| Untracked |  0
|  14|0x00000000e0e00000, 0x00000000e0f00000, 0x00000000e0f00000|100%| O|  |TAMS 0x00000000e0e00000| PB 0x00000000e0e00000| Untracked |  0
|  15|0x00000000e0f00000, 0x00000000e1000000, 0x00000000e1000000|100%| O|  |TAMS 0x00000000e0f00000| PB 0x00000000e0f00000| Untracked |  0
|  16|0x00000000e1000000, 0x00000000e1100000, 0x00000000e1100000|100%| O|  |TAMS 0x00000000e1000000| PB 0x00000000e1000000| Untracked |  0
|  17|0x00000000e1100000, 0x00000000e1100000, 0x00000000e1200000|  0%| F|  |TAMS 0x00000000e1100000| PB 0x00000000e1100000| Untracked |  0
|  18|0x00000000e1200000, 0x00000000e1200000, 0x00000000e1300000|  0%| F|  |TAMS 0x00000000e1200000| PB 0x00000000e1200000| Untracked |  0
|  19|0x00000000e1300000, 0x00000000e1300000, 0x00000000e1400000|  0%| F|  |TAMS 0x00000000e1300000| PB 0x00000000e1300000| Untracked |  0
|  20|0x00000000e1400000, 0x00000000e1400000, 0x00000000e1500000|  0%| F|  |TAMS 0x00000000e1400000| PB 0x00000000e1400000| Untracked |  0
|  21|0x00000000e1500000, 0x00000000e1500000, 0x00000000e1600000|  0%| F|  |TAMS 0x00000000e1500000| PB 0x00000000e1500000| Untracked |  0
|  22|0x00000000e1600000, 0x00000000e1600000, 0x00000000e1700000|  0%| F|  |TAMS 0x00000000e1600000| PB 0x00000000e1600000| Untracked |  0
|  23|0x00000000e1700000, 0x00000000e1700000, 0x00000000e1800000|  0%| F|  |TAMS 0x00000000e1700000| PB 0x00000000e1700000| Untracked |  0
|  24|0x00000000e1800000, 0x00000000e1800000, 0x00000000e1900000|  0%| F|  |TAMS 0x00000000e1800000| PB 0x00000000e1800000| Untracked |  0
|  25|0x00000000e1900000, 0x00000000e1900000, 0x00000000e1a00000|  0%| F|  |TAMS 0x00000000e1900000| PB 0x00000000e1900000| Untracked |  0
|  26|0x00000000e1a00000, 0x00000000e1a00000, 0x00000000e1b00000|  0%| F|  |TAMS 0x00000000e1a00000| PB 0x00000000e1a00000| Untracked |  0
|  27|0x00000000e1b00000, 0x00000000e1b00000, 0x00000000e1c00000|  0%| F|  |TAMS 0x00000000e1b00000| PB 0x00000000e1b00000| Untracked |  0
|  28|0x00000000e1c00000, 0x00000000e1c00000, 0x00000000e1d00000|  0%| F|  |TAMS 0x00000000e1c00000| PB 0x00000000e1c00000| Untracked |  0
|  29|0x00000000e1d00000, 0x00000000e1d00000, 0x00000000e1e00000|  0%| F|  |TAMS 0x00000000e1d00000| PB 0x00000000e1d00000| Untracked |  0
|  30|0x00000000e1e00000, 0x00000000e1e00000, 0x00000000e1f00000|  0%| F|  |TAMS 0x00000000e1e00000| PB 0x00000000e1e00000| Untracked |  0
|  31|0x00000000e1f00000, 0x00000000e1f00000, 0x00000000e2000000|  0%| F|  |TAMS 0x00000000e1f00000| PB 0x00000000e1f00000| Untracked |  0
|  32|0x00000000e2000000, 0x00000000e2000000, 0x00000000e2100000|  0%| F|  |TAMS 0x00000000e2000000| PB 0x00000000e2000000| Untracked |  0
|  33|0x00000000e2100000, 0x00000000e2100000, 0x00000000e2200000|  0%| F|  |TAMS 0x00000000e2100000| PB 0x00000000e2100000| Untracked |  0
|  34|0x00000000e2200000, 0x00000000e2200000, 0x00000000e2300000|  0%| F|  |TAMS 0x00000000e2200000| PB 0x00000000e2200000| Untracked |  0
|  35|0x00000000e2300000, 0x00000000e2300000, 0x00000000e2400000|  0%| F|  |TAMS 0x00000000e2300000| PB 0x00000000e2300000| Untracked |  0
|  36|0x00000000e2400000, 0x00000000e2400000, 0x00000000e2500000|  0%| F|  |TAMS 0x00000000e2400000| PB 0x00000000e2400000| Untracked |  0
|  37|0x00000000e2500000, 0x00000000e2500000, 0x00000000e2600000|  0%| F|  |TAMS 0x00000000e2500000| PB 0x00000000e2500000| Untracked |  0
|  38|0x00000000e2600000, 0x00000000e2600000, 0x00000000e2700000|  0%| F|  |TAMS 0x00000000e2600000| PB 0x00000000e2600000| Untracked |  0
|  39|0x00000000e2700000, 0x00000000e2700000, 0x00000000e2800000|  0%| F|  |TAMS 0x00000000e2700000| PB 0x00000000e2700000| Untracked |  0
|  40|0x00000000e2800000, 0x00000000e2800000, 0x00000000e2900000|  0%| F|  |TAMS 0x00000000e2800000| PB 0x00000000e2800000| Untracked |  0
|  41|0x00000000e2900000, 0x00000000e2900000, 0x00000000e2a00000|  0%| F|  |TAMS 0x00000000e2900000| PB 0x00000000e2900000| Untracked |  0
|  42|0x00000000e2a00000, 0x00000000e2a00000, 0x00000000e2b00000|  0%| F|  |TAMS 0x00000000e2a00000| PB 0x00000000e2a00000| Untracked |  0
|  43|0x00000000e2b00000, 0x00000000e2b00000, 0x00000000e2c00000|  0%| F|  |TAMS 0x00000000e2b00000| PB 0x00000000e2b00000| Untracked |  0
|  44|0x00000000e2c00000, 0x00000000e2c00000, 0x00000000e2d00000|  0%| F|  |TAMS 0x00000000e2c00000| PB 0x00000000e2c00000| Untracked |  0
|  45|0x00000000e2d00000, 0x00000000e2d00000, 0x00000000e2e00000|  0%| F|  |TAMS 0x00000000e2d00000| PB 0x00000000e2d00000| Untracked |  0
|  46|0x00000000e2e00000, 0x00000000e2e00000, 0x00000000e2f00000|  0%| F|  |TAMS 0x00000000e2e00000| PB 0x00000000e2e00000| Untracked |  0
|  47|0x00000000e2f00000, 0x00000000e2f00000, 0x00000000e3000000|  0%| F|  |TAMS 0x00000000e2f00000| PB 0x00000000e2f00000| Untracked |  0
|  48|0x00000000e3000000, 0x00000000e3000000, 0x00000000e3100000|  0%| F|  |TAMS 0x00000000e3000000| PB 0x00000000e3000000| Untracked |  0
|  49|0x00000000e3100000, 0x00000000e3100000, 0x00000000e3200000|  0%| F|  |TAMS 0x00000000e3100000| PB 0x00000000e3100000| Untracked |  0
|  50|0x00000000e3200000, 0x00000000e3200000, 0x00000000e3300000|  0%| F|  |TAMS 0x00000000e3200000| PB 0x00000000e3200000| Untracked |  0
|  51|0x00000000e3300000, 0x00000000e3300000, 0x00000000e3400000|  0%| F|  |TAMS 0x00000000e3300000| PB 0x00000000e3300000| Untracked |  0
|  52|0x00000000e3400000, 0x00000000e3400000, 0x00000000e3500000|  0%| F|  |TAMS 0x00000000e3400000| PB 0x00000000e3400000| Untracked |  0
|  53|0x00000000e3500000, 0x00000000e3500000, 0x00000000e3600000|  0%| F|  |TAMS 0x00000000e3500000| PB 0x00000000e3500000| Untracked |  0
|  54|0x00000000e3600000, 0x00000000e3600000, 0x00000000e3700000|  0%| F|  |TAMS 0x00000000e3600000| PB 0x00000000e3600000| Untracked |  0
|  55|0x00000000e3700000, 0x00000000e3700000, 0x00000000e3800000|  0%| F|  |TAMS 0x00000000e3700000| PB 0x00000000e3700000| Untracked |  0
|  56|0x00000000e3800000, 0x00000000e3800000, 0x00000000e3900000|  0%| F|  |TAMS 0x00000000e3800000| PB 0x00000000e3800000| Untracked |  0
|  57|0x00000000e3900000, 0x00000000e3900000, 0x00000000e3a00000|  0%| F|  |TAMS 0x00000000e3900000| PB 0x00000000e3900000| Untracked |  0
|  58|0x00000000e3a00000, 0x00000000e3a00000, 0x00000000e3b00000|  0%| F|  |TAMS 0x00000000e3a00000| PB 0x00000000e3a00000| Untracked |  0
|  59|0x00000000e3b00000, 0x00000000e3b00000, 0x00000000e3c00000|  0%| F|  |TAMS 0x00000000e3b00000| PB 0x00000000e3b00000| Untracked |  0
|  60|0x00000000e3c00000, 0x00000000e3c00000, 0x00000000e3d00000|  0%| F|  |TAMS 0x00000000e3c00000| PB 0x00000000e3c00000| Untracked |  0
|  61|0x00000000e3d00000, 0x00000000e3d00000, 0x00000000e3e00000|  0%| F|  |TAMS 0x00000000e3d00000| PB 0x00000000e3d00000| Untracked |  0
|  62|0x00000000e3e00000, 0x00000000e3e00000, 0x00000000e3f00000|  0%| F|  |TAMS 0x00000000e3e00000| PB 0x00000000e3e00000| Untracked |  0
|  63|0x00000000e3f00000, 0x00000000e3f00000, 0x00000000e4000000|  0%| F|  |TAMS 0x00000000e3f00000| PB 0x00000000e3f00000| Untracked |  0
|  64|0x00000000e4000000, 0x00000000e4000000, 0x00000000e4100000|  0%| F|  |TAMS 0x00000000e4000000| PB 0x00000000e4000000| Untracked |  0
|  65|0x00000000e4100000, 0x00000000e4100000, 0x00000000e4200000|  0%| F|  |TAMS 0x00000000e4100000| PB 0x00000000e4100000| Untracked |  0
|  66|0x00000000e4200000, 0x00000000e4200000, 0x00000000e4300000|  0%| F|  |TAMS 0x00000000e4200000| PB 0x00000000e4200000| Untracked |  0
|  67|0x00000000e4300000, 0x00000000e4300000, 0x00000000e4400000|  0%| F|  |TAMS 0x00000000e4300000| PB 0x00000000e4300000| Untracked |  0
|  68|0x00000000e4400000, 0x00000000e4400000, 0x00000000e4500000|  0%| F|  |TAMS 0x00000000e4400000| PB 0x00000000e4400000| Untracked |  0
|  69|0x00000000e4500000, 0x00000000e4500000, 0x00000000e4600000|  0%| F|  |TAMS 0x00000000e4500000| PB 0x00000000e4500000| Untracked |  0
|  70|0x00000000e4600000, 0x00000000e4600000, 0x00000000e4700000|  0%| F|  |TAMS 0x00000000e4600000| PB 0x00000000e4600000| Untracked |  0
|  71|0x00000000e4700000, 0x00000000e4700000, 0x00000000e4800000|  0%| F|  |TAMS 0x00000000e4700000| PB 0x00000000e4700000| Untracked |  0
|  72|0x00000000e4800000, 0x00000000e4800000, 0x00000000e4900000|  0%| F|  |TAMS 0x00000000e4800000| PB 0x00000000e4800000| Untracked |  0
|  73|0x00000000e4900000, 0x00000000e4900000, 0x00000000e4a00000|  0%| F|  |TAMS 0x00000000e4900000| PB 0x00000000e4900000| Untracked |  0
|  74|0x00000000e4a00000, 0x00000000e4a00000, 0x00000000e4b00000|  0%| F|  |TAMS 0x00000000e4a00000| PB 0x00000000e4a00000| Untracked |  0
|  75|0x00000000e4b00000, 0x00000000e4b00000, 0x00000000e4c00000|  0%| F|  |TAMS 0x00000000e4b00000| PB 0x00000000e4b00000| Untracked |  0
|  76|0x00000000e4c00000, 0x00000000e4c00000, 0x00000000e4d00000|  0%| F|  |TAMS 0x00000000e4c00000| PB 0x00000000e4c00000| Untracked |  0
|  77|0x00000000e4d00000, 0x00000000e4d00000, 0x00000000e4e00000|  0%| F|  |TAMS 0x00000000e4d00000| PB 0x00000000e4d00000| Untracked |  0
|  78|0x00000000e4e00000, 0x00000000e4e00000, 0x00000000e4f00000|  0%| F|  |TAMS 0x00000000e4e00000| PB 0x00000000e4e00000| Untracked |  0
|  79|0x00000000e4f00000, 0x00000000e4f00000, 0x00000000e5000000|  0%| F|  |TAMS 0x00000000e4f00000| PB 0x00000000e4f00000| Untracked |  0
|  80|0x00000000e5000000, 0x00000000e5000000, 0x00000000e5100000|  0%| F|  |TAMS 0x00000000e5000000| PB 0x00000000e5000000| Untracked |  0
|  81|0x00000000e5100000, 0x00000000e5100000, 0x00000000e5200000|  0%| F|  |TAMS 0x00000000e5100000| PB 0x00000000e5100000| Untracked |  0
|  82|0x00000000e5200000, 0x00000000e5200000, 0x00000000e5300000|  0%| F|  |TAMS 0x00000000e5200000| PB 0x00000000e5200000| Untracked |  0
|  83|0x00000000e5300000, 0x00000000e5300000, 0x00000000e5400000|  0%| F|  |TAMS 0x00000000e5300000| PB 0x00000000e5300000| Untracked |  0
|  84|0x00000000e5400000, 0x00000000e5400000, 0x00000000e5500000|  0%| F|  |TAMS 0x00000000e5400000| PB 0x00000000e5400000| Untracked |  0
|  85|0x00000000e5500000, 0x00000000e5500000, 0x00000000e5600000|  0%| F|  |TAMS 0x00000000e5500000| PB 0x00000000e5500000| Untracked |  0
|  86|0x00000000e5600000, 0x00000000e5600000, 0x00000000e5700000|  0%| F|  |TAMS 0x00000000e5600000| PB 0x00000000e5600000| Untracked |  0
|  87|0x00000000e5700000, 0x00000000e5700000, 0x00000000e5800000|  0%| F|  |TAMS 0x00000000e5700000| PB 0x00000000e5700000| Untracked |  0
|  88|0x00000000e5800000, 0x00000000e5800000, 0x00000000e5900000|  0%| F|  |TAMS 0x00000000e5800000| PB 0x00000000e5800000| Untracked |  0
|  89|0x00000000e5900000, 0x00000000e5900000, 0x00000000e5a00000|  0%| F|  |TAMS 0x00000000e5900000| PB 0x00000000e5900000| Untracked |  0
|  90|0x00000000e5a00000, 0x00000000e5a00000, 0x00000000e5b00000|  0%| F|  |TAMS 0x00000000e5a00000| PB 0x00000000e5a00000| Untracked |  0
|  91|0x00000000e5b00000, 0x00000000e5b00000, 0x00000000e5c00000|  0%| F|  |TAMS 0x00000000e5b00000| PB 0x00000000e5b00000| Untracked |  0
|  92|0x00000000e5c00000, 0x00000000e5c00000, 0x00000000e5d00000|  0%| F|  |TAMS 0x00000000e5c00000| PB 0x00000000e5c00000| Untracked |  0
|  93|0x00000000e5d00000, 0x00000000e5d00000, 0x00000000e5e00000|  0%| F|  |TAMS 0x00000000e5d00000| PB 0x00000000e5d00000| Untracked |  0
|  94|0x00000000e5e00000, 0x00000000e5e00000, 0x00000000e5f00000|  0%| F|  |TAMS 0x00000000e5e00000| PB 0x00000000e5e00000| Untracked |  0
|  95|0x00000000e5f00000, 0x00000000e5f00000, 0x00000000e6000000|  0%| F|  |TAMS 0x00000000e5f00000| PB 0x00000000e5f00000| Untracked |  0
|  96|0x00000000e6000000, 0x00000000e6000000, 0x00000000e6100000|  0%| F|  |TAMS 0x00000000e6000000| PB 0x00000000e6000000| Untracked |  0
|  97|0x00000000e6100000, 0x00000000e6100000, 0x00000000e6200000|  0%| F|  |TAMS 0x00000000e6100000| PB 0x00000000e6100000| Untracked |  0
|  98|0x00000000e6200000, 0x00000000e6200000, 0x00000000e6300000|  0%| F|  |TAMS 0x00000000e6200000| PB 0x00000000e6200000| Untracked |  0
|  99|0x00000000e6300000, 0x00000000e6300000, 0x00000000e6400000|  0%| F|  |TAMS 0x00000000e6300000| PB 0x00000000e6300000| Untracked |  0
| 100|0x00000000e6400000, 0x00000000e6400000, 0x00000000e6500000|  0%| F|  |TAMS 0x00000000e6400000| PB 0x00000000e6400000| Untracked |  0
| 101|0x00000000e6500000, 0x00000000e6500000, 0x00000000e6600000|  0%| F|  |TAMS 0x00000000e6500000| PB 0x00000000e6500000| Untracked |  0
| 102|0x00000000e6600000, 0x00000000e6600000, 0x00000000e6700000|  0%| F|  |TAMS 0x00000000e6600000| PB 0x00000000e6600000| Untracked |  0
| 103|0x00000000e6700000, 0x00000000e6700000, 0x00000000e6800000|  0%| F|  |TAMS 0x00000000e6700000| PB 0x00000000e6700000| Untracked |  0
| 104|0x00000000e6800000, 0x00000000e6800000, 0x00000000e6900000|  0%| F|  |TAMS 0x00000000e6800000| PB 0x00000000e6800000| Untracked |  0
| 105|0x00000000e6900000, 0x00000000e6900000, 0x00000000e6a00000|  0%| F|  |TAMS 0x00000000e6900000| PB 0x00000000e6900000| Untracked |  0
| 106|0x00000000e6a00000, 0x00000000e6a00000, 0x00000000e6b00000|  0%| F|  |TAMS 0x00000000e6a00000| PB 0x00000000e6a00000| Untracked |  0
| 107|0x00000000e6b00000, 0x00000000e6b00000, 0x00000000e6c00000|  0%| F|  |TAMS 0x00000000e6b00000| PB 0x00000000e6b00000| Untracked |  0
| 108|0x00000000e6c00000, 0x00000000e6c00000, 0x00000000e6d00000|  0%| F|  |TAMS 0x00000000e6c00000| PB 0x00000000e6c00000| Untracked |  0
| 109|0x00000000e6d00000, 0x00000000e6d00000, 0x00000000e6e00000|  0%| F|  |TAMS 0x00000000e6d00000| PB 0x00000000e6d00000| Untracked |  0
| 110|0x00000000e6e00000, 0x00000000e6e00000, 0x00000000e6f00000|  0%| F|  |TAMS 0x00000000e6e00000| PB 0x00000000e6e00000| Untracked |  0
| 111|0x00000000e6f00000, 0x00000000e6f00000, 0x00000000e7000000|  0%| F|  |TAMS 0x00000000e6f00000| PB 0x00000000e6f00000| Untracked |  0
| 112|0x00000000e7000000, 0x00000000e7000000, 0x00000000e7100000|  0%| F|  |TAMS 0x00000000e7000000| PB 0x00000000e7000000| Untracked |  0
| 113|0x00000000e7100000, 0x00000000e7100000, 0x00000000e7200000|  0%| F|  |TAMS 0x00000000e7100000| PB 0x00000000e7100000| Untracked |  0
| 114|0x00000000e7200000, 0x00000000e7200000, 0x00000000e7300000|  0%| F|  |TAMS 0x00000000e7200000| PB 0x00000000e7200000| Untracked |  0
| 115|0x00000000e7300000, 0x00000000e7300000, 0x00000000e7400000|  0%| F|  |TAMS 0x00000000e7300000| PB 0x00000000e7300000| Untracked |  0
| 116|0x00000000e7400000, 0x00000000e7400000, 0x00000000e7500000|  0%| F|  |TAMS 0x00000000e7400000| PB 0x00000000e7400000| Untracked |  0
| 117|0x00000000e7500000, 0x00000000e7500000, 0x00000000e7600000|  0%| F|  |TAMS 0x00000000e7500000| PB 0x00000000e7500000| Untracked |  0
| 118|0x00000000e7600000, 0x00000000e7600000, 0x00000000e7700000|  0%| F|  |TAMS 0x00000000e7600000| PB 0x00000000e7600000| Untracked |  0
| 119|0x00000000e7700000, 0x00000000e7700000, 0x00000000e7800000|  0%| F|  |TAMS 0x00000000e7700000| PB 0x00000000e7700000| Untracked |  0
| 120|0x00000000e7800000, 0x00000000e7800000, 0x00000000e7900000|  0%| F|  |TAMS 0x00000000e7800000| PB 0x00000000e7800000| Untracked |  0
| 121|0x00000000e7900000, 0x00000000e7900000, 0x00000000e7a00000|  0%| F|  |TAMS 0x00000000e7900000| PB 0x00000000e7900000| Untracked |  0
| 122|0x00000000e7a00000, 0x00000000e7a00000, 0x00000000e7b00000|  0%| F|  |TAMS 0x00000000e7a00000| PB 0x00000000e7a00000| Untracked |  0
| 123|0x00000000e7b00000, 0x00000000e7b00000, 0x00000000e7c00000|  0%| F|  |TAMS 0x00000000e7b00000| PB 0x00000000e7b00000| Untracked |  0
| 124|0x00000000e7c00000, 0x00000000e7c00000, 0x00000000e7d00000|  0%| F|  |TAMS 0x00000000e7c00000| PB 0x00000000e7c00000| Untracked |  0
| 125|0x00000000e7d00000, 0x00000000e7d00000, 0x00000000e7e00000|  0%| F|  |TAMS 0x00000000e7d00000| PB 0x00000000e7d00000| Untracked |  0
| 126|0x00000000e7e00000, 0x00000000e7e00000, 0x00000000e7f00000|  0%| F|  |TAMS 0x00000000e7e00000| PB 0x00000000e7e00000| Untracked |  0
| 127|0x00000000e7f00000, 0x00000000e7f00000, 0x00000000e8000000|  0%| F|  |TAMS 0x00000000e7f00000| PB 0x00000000e7f00000| Untracked |  0
| 128|0x00000000e8000000, 0x00000000e8000000, 0x00000000e8100000|  0%| F|  |TAMS 0x00000000e8000000| PB 0x00000000e8000000| Untracked |  0
| 129|0x00000000e8100000, 0x00000000e8100000, 0x00000000e8200000|  0%| F|  |TAMS 0x00000000e8100000| PB 0x00000000e8100000| Untracked |  0
| 130|0x00000000e8200000, 0x00000000e8200000, 0x00000000e8300000|  0%| F|  |TAMS 0x00000000e8200000| PB 0x00000000e8200000| Untracked |  0
| 131|0x00000000e8300000, 0x00000000e8300000, 0x00000000e8400000|  0%| F|  |TAMS 0x00000000e8300000| PB 0x00000000e8300000| Untracked |  0
| 132|0x00000000e8400000, 0x00000000e8400000, 0x00000000e8500000|  0%| F|  |TAMS 0x00000000e8400000| PB 0x00000000e8400000| Untracked |  0
| 133|0x00000000e8500000, 0x00000000e8500000, 0x00000000e8600000|  0%| F|  |TAMS 0x00000000e8500000| PB 0x00000000e8500000| Untracked |  0
| 134|0x00000000e8600000, 0x00000000e8600000, 0x00000000e8700000|  0%| F|  |TAMS 0x00000000e8600000| PB 0x00000000e8600000| Untracked |  0
| 135|0x00000000e8700000, 0x00000000e8700000, 0x00000000e8800000|  0%| F|  |TAMS 0x00000000e8700000| PB 0x00000000e8700000| Untracked |  0
| 136|0x00000000e8800000, 0x00000000e8800000, 0x00000000e8900000|  0%| F|  |TAMS 0x00000000e8800000| PB 0x00000000e8800000| Untracked |  0
| 137|0x00000000e8900000, 0x00000000e8900000, 0x00000000e8a00000|  0%| F|  |TAMS 0x00000000e8900000| PB 0x00000000e8900000| Untracked |  0
| 138|0x00000000e8a00000, 0x00000000e8a00000, 0x00000000e8b00000|  0%| F|  |TAMS 0x00000000e8a00000| PB 0x00000000e8a00000| Untracked |  0
| 139|0x00000000e8b00000, 0x00000000e8b00000, 0x00000000e8c00000|  0%| F|  |TAMS 0x00000000e8b00000| PB 0x00000000e8b00000| Untracked |  0
| 140|0x00000000e8c00000, 0x00000000e8c00000, 0x00000000e8d00000|  0%| F|  |TAMS 0x00000000e8c00000| PB 0x00000000e8c00000| Untracked |  0
| 141|0x00000000e8d00000, 0x00000000e8d00000, 0x00000000e8e00000|  0%| F|  |TAMS 0x00000000e8d00000| PB 0x00000000e8d00000| Untracked |  0
| 142|0x00000000e8e00000, 0x00000000e8e00000, 0x00000000e8f00000|  0%| F|  |TAMS 0x00000000e8e00000| PB 0x00000000e8e00000| Untracked |  0
| 143|0x00000000e8f00000, 0x00000000e8f00000, 0x00000000e9000000|  0%| F|  |TAMS 0x00000000e8f00000| PB 0x00000000e8f00000| Untracked |  0
| 144|0x00000000e9000000, 0x00000000e9000000, 0x00000000e9100000|  0%| F|  |TAMS 0x00000000e9000000| PB 0x00000000e9000000| Untracked |  0
| 145|0x00000000e9100000, 0x00000000e9100000, 0x00000000e9200000|  0%| F|  |TAMS 0x00000000e9100000| PB 0x00000000e9100000| Untracked |  0
| 146|0x00000000e9200000, 0x00000000e9200000, 0x00000000e9300000|  0%| F|  |TAMS 0x00000000e9200000| PB 0x00000000e9200000| Untracked |  0
| 147|0x00000000e9300000, 0x00000000e9300000, 0x00000000e9400000|  0%| F|  |TAMS 0x00000000e9300000| PB 0x00000000e9300000| Untracked |  0
| 148|0x00000000e9400000, 0x00000000e9400000, 0x00000000e9500000|  0%| F|  |TAMS 0x00000000e9400000| PB 0x00000000e9400000| Untracked |  0
| 149|0x00000000e9500000, 0x00000000e9500000, 0x00000000e9600000|  0%| F|  |TAMS 0x00000000e9500000| PB 0x00000000e9500000| Untracked |  0
| 150|0x00000000e9600000, 0x00000000e9600000, 0x00000000e9700000|  0%| F|  |TAMS 0x00000000e9600000| PB 0x00000000e9600000| Untracked |  0
| 151|0x00000000e9700000, 0x00000000e9700000, 0x00000000e9800000|  0%| F|  |TAMS 0x00000000e9700000| PB 0x00000000e9700000| Untracked |  0
| 152|0x00000000e9800000, 0x00000000e9800000, 0x00000000e9900000|  0%| F|  |TAMS 0x00000000e9800000| PB 0x00000000e9800000| Untracked |  0
| 153|0x00000000e9900000, 0x00000000e9900000, 0x00000000e9a00000|  0%| F|  |TAMS 0x00000000e9900000| PB 0x00000000e9900000| Untracked |  0
| 154|0x00000000e9a00000, 0x00000000e9a00000, 0x00000000e9b00000|  0%| F|  |TAMS 0x00000000e9a00000| PB 0x00000000e9a00000| Untracked |  0
| 155|0x00000000e9b00000, 0x00000000e9b00000, 0x00000000e9c00000|  0%| F|  |TAMS 0x00000000e9b00000| PB 0x00000000e9b00000| Untracked |  0
| 156|0x00000000e9c00000, 0x00000000e9c00000, 0x00000000e9d00000|  0%| F|  |TAMS 0x00000000e9c00000| PB 0x00000000e9c00000| Untracked |  0
| 157|0x00000000e9d00000, 0x00000000e9d00000, 0x00000000e9e00000|  0%| F|  |TAMS 0x00000000e9d00000| PB 0x00000000e9d00000| Untracked |  0
| 158|0x00000000e9e00000, 0x00000000e9e00000, 0x00000000e9f00000|  0%| F|  |TAMS 0x00000000e9e00000| PB 0x00000000e9e00000| Untracked |  0
| 159|0x00000000e9f00000, 0x00000000e9f00000, 0x00000000ea000000|  0%| F|  |TAMS 0x00000000e9f00000| PB 0x00000000e9f00000| Untracked |  0
| 160|0x00000000ea000000, 0x00000000ea000000, 0x00000000ea100000|  0%| F|  |TAMS 0x00000000ea000000| PB 0x00000000ea000000| Untracked |  0
| 161|0x00000000ea100000, 0x00000000ea100000, 0x00000000ea200000|  0%| F|  |TAMS 0x00000000ea100000| PB 0x00000000ea100000| Untracked |  0
| 162|0x00000000ea200000, 0x00000000ea200000, 0x00000000ea300000|  0%| F|  |TAMS 0x00000000ea200000| PB 0x00000000ea200000| Untracked |  0
| 163|0x00000000ea300000, 0x00000000ea300000, 0x00000000ea400000|  0%| F|  |TAMS 0x00000000ea300000| PB 0x00000000ea300000| Untracked |  0
| 164|0x00000000ea400000, 0x00000000ea400000, 0x00000000ea500000|  0%| F|  |TAMS 0x00000000ea400000| PB 0x00000000ea400000| Untracked |  0
| 165|0x00000000ea500000, 0x00000000ea500000, 0x00000000ea600000|  0%| F|  |TAMS 0x00000000ea500000| PB 0x00000000ea500000| Untracked |  0
| 166|0x00000000ea600000, 0x00000000ea600000, 0x00000000ea700000|  0%| F|  |TAMS 0x00000000ea600000| PB 0x00000000ea600000| Untracked |  0
| 167|0x00000000ea700000, 0x00000000ea700000, 0x00000000ea800000|  0%| F|  |TAMS 0x00000000ea700000| PB 0x00000000ea700000| Untracked |  0
| 168|0x00000000ea800000, 0x00000000ea800000, 0x00000000ea900000|  0%| F|  |TAMS 0x00000000ea800000| PB 0x00000000ea800000| Untracked |  0
| 169|0x00000000ea900000, 0x00000000ea900000, 0x00000000eaa00000|  0%| F|  |TAMS 0x00000000ea900000| PB 0x00000000ea900000| Untracked |  0
| 170|0x00000000eaa00000, 0x00000000eaa00000, 0x00000000eab00000|  0%| F|  |TAMS 0x00000000eaa00000| PB 0x00000000eaa00000| Untracked |  0
| 171|0x00000000eab00000, 0x00000000eab00000, 0x00000000eac00000|  0%| F|  |TAMS 0x00000000eab00000| PB 0x00000000eab00000| Untracked |  0
| 172|0x00000000eac00000, 0x00000000eac00000, 0x00000000ead00000|  0%| F|  |TAMS 0x00000000eac00000| PB 0x00000000eac00000| Untracked |  0
| 173|0x00000000ead00000, 0x00000000ead00000, 0x00000000eae00000|  0%| F|  |TAMS 0x00000000ead00000| PB 0x00000000ead00000| Untracked |  0
| 174|0x00000000eae00000, 0x00000000eaf00000, 0x00000000eaf00000|100%| E|  |TAMS 0x00000000eae00000| PB 0x00000000eae00000| Complete |  0
| 175|0x00000000eaf00000, 0x00000000eb000000, 0x00000000eb000000|100%| E|CS|TAMS 0x00000000eaf00000| PB 0x00000000eaf00000| Complete |  0
| 176|0x00000000eb000000, 0x00000000eb100000, 0x00000000eb100000|100%| E|CS|TAMS 0x00000000eb000000| PB 0x00000000eb000000| Complete |  0
| 177|0x00000000eb100000, 0x00000000eb200000, 0x00000000eb200000|100%| E|CS|TAMS 0x00000000eb100000| PB 0x00000000eb100000| Complete |  0
| 178|0x00000000eb200000, 0x00000000eb300000, 0x00000000eb300000|100%| E|CS|TAMS 0x00000000eb200000| PB 0x00000000eb200000| Complete |  0
| 179|0x00000000eb300000, 0x00000000eb400000, 0x00000000eb400000|100%| E|CS|TAMS 0x00000000eb300000| PB 0x00000000eb300000| Complete |  0
| 180|0x00000000eb400000, 0x00000000eb500000, 0x00000000eb500000|100%| E|CS|TAMS 0x00000000eb400000| PB 0x00000000eb400000| Complete |  0
| 181|0x00000000eb500000, 0x00000000eb600000, 0x00000000eb600000|100%| E|CS|TAMS 0x00000000eb500000| PB 0x00000000eb500000| Complete |  0
| 182|0x00000000eb600000, 0x00000000eb700000, 0x00000000eb700000|100%| E|CS|TAMS 0x00000000eb600000| PB 0x00000000eb600000| Complete |  0
| 183|0x00000000eb700000, 0x00000000eb800000, 0x00000000eb800000|100%| E|CS|TAMS 0x00000000eb700000| PB 0x00000000eb700000| Complete |  0
| 184|0x00000000eb800000, 0x00000000eb900000, 0x00000000eb900000|100%| E|CS|TAMS 0x00000000eb800000| PB 0x00000000eb800000| Complete |  0
| 185|0x00000000eb900000, 0x00000000eba00000, 0x00000000eba00000|100%| E|CS|TAMS 0x00000000eb900000| PB 0x00000000eb900000| Complete |  0
| 186|0x00000000eba00000, 0x00000000ebb00000, 0x00000000ebb00000|100%| E|CS|TAMS 0x00000000eba00000| PB 0x00000000eba00000| Complete |  0
| 187|0x00000000ebb00000, 0x00000000ebc00000, 0x00000000ebc00000|100%| E|CS|TAMS 0x00000000ebb00000| PB 0x00000000ebb00000| Complete |  0
| 188|0x00000000ebc00000, 0x00000000ebd00000, 0x00000000ebd00000|100%| E|CS|TAMS 0x00000000ebc00000| PB 0x00000000ebc00000| Complete |  0
| 189|0x00000000ebd00000, 0x00000000ebe00000, 0x00000000ebe00000|100%| E|CS|TAMS 0x00000000ebd00000| PB 0x00000000ebd00000| Complete |  0
| 190|0x00000000ebe00000, 0x00000000ebf00000, 0x00000000ebf00000|100%| E|CS|TAMS 0x00000000ebe00000| PB 0x00000000ebe00000| Complete |  0
| 191|0x00000000ebf00000, 0x00000000ec000000, 0x00000000ec000000|100%| E|CS|TAMS 0x00000000ebf00000| PB 0x00000000ebf00000| Complete |  0
| 192|0x00000000ec000000, 0x00000000ec100000, 0x00000000ec100000|100%| E|CS|TAMS 0x00000000ec000000| PB 0x00000000ec000000| Complete |  0
| 193|0x00000000ec100000, 0x00000000ec200000, 0x00000000ec200000|100%| E|CS|TAMS 0x00000000ec100000| PB 0x00000000ec100000| Complete |  0
| 194|0x00000000ec200000, 0x00000000ec300000, 0x00000000ec300000|100%| E|CS|TAMS 0x00000000ec200000| PB 0x00000000ec200000| Complete |  0
| 195|0x00000000ec300000, 0x00000000ec400000, 0x00000000ec400000|100%| E|CS|TAMS 0x00000000ec300000| PB 0x00000000ec300000| Complete |  0
| 196|0x00000000ec400000, 0x00000000ec500000, 0x00000000ec500000|100%| E|CS|TAMS 0x00000000ec400000| PB 0x00000000ec400000| Complete |  0
| 197|0x00000000ec500000, 0x00000000ec600000, 0x00000000ec600000|100%| E|CS|TAMS 0x00000000ec500000| PB 0x00000000ec500000| Complete |  0
| 198|0x00000000ec600000, 0x00000000ec700000, 0x00000000ec700000|100%| E|CS|TAMS 0x00000000ec600000| PB 0x00000000ec600000| Complete |  0
| 199|0x00000000ec700000, 0x00000000ec800000, 0x00000000ec800000|100%| E|CS|TAMS 0x00000000ec700000| PB 0x00000000ec700000| Complete |  0
| 200|0x00000000ec800000, 0x00000000ec900000, 0x00000000ec900000|100%| E|CS|TAMS 0x00000000ec800000| PB 0x00000000ec800000| Complete |  0
| 201|0x00000000ec900000, 0x00000000eca00000, 0x00000000eca00000|100%| E|CS|TAMS 0x00000000ec900000| PB 0x00000000ec900000| Complete |  0
| 202|0x00000000eca00000, 0x00000000ecb00000, 0x00000000ecb00000|100%| E|CS|TAMS 0x00000000eca00000| PB 0x00000000eca00000| Complete |  0
| 203|0x00000000ecb00000, 0x00000000ecc00000, 0x00000000ecc00000|100%| E|CS|TAMS 0x00000000ecb00000| PB 0x00000000ecb00000| Complete |  0
| 204|0x00000000ecc00000, 0x00000000ecd00000, 0x00000000ecd00000|100%| E|CS|TAMS 0x00000000ecc00000| PB 0x00000000ecc00000| Complete |  0
| 205|0x00000000ecd00000, 0x00000000ece00000, 0x00000000ece00000|100%| E|CS|TAMS 0x00000000ecd00000| PB 0x00000000ecd00000| Complete |  0
| 206|0x00000000ece00000, 0x00000000ecf00000, 0x00000000ecf00000|100%| E|CS|TAMS 0x00000000ece00000| PB 0x00000000ece00000| Complete |  0
| 207|0x00000000ecf00000, 0x00000000ed000000, 0x00000000ed000000|100%| E|CS|TAMS 0x00000000ecf00000| PB 0x00000000ecf00000| Complete |  0
| 208|0x00000000ed000000, 0x00000000ed100000, 0x00000000ed100000|100%| E|CS|TAMS 0x00000000ed000000| PB 0x00000000ed000000| Complete |  0
| 209|0x00000000ed100000, 0x00000000ed200000, 0x00000000ed200000|100%| E|CS|TAMS 0x00000000ed100000| PB 0x00000000ed100000| Complete |  0
| 210|0x00000000ed200000, 0x00000000ed300000, 0x00000000ed300000|100%| E|CS|TAMS 0x00000000ed200000| PB 0x00000000ed200000| Complete |  0
| 211|0x00000000ed300000, 0x00000000ed400000, 0x00000000ed400000|100%| E|CS|TAMS 0x00000000ed300000| PB 0x00000000ed300000| Complete |  0
| 212|0x00000000ed400000, 0x00000000ed500000, 0x00000000ed500000|100%| E|CS|TAMS 0x00000000ed400000| PB 0x00000000ed400000| Complete |  0
| 213|0x00000000ed500000, 0x00000000ed600000, 0x00000000ed600000|100%| E|CS|TAMS 0x00000000ed500000| PB 0x00000000ed500000| Complete |  0
| 214|0x00000000ed600000, 0x00000000ed700000, 0x00000000ed700000|100%| E|CS|TAMS 0x00000000ed600000| PB 0x00000000ed600000| Complete |  0
| 215|0x00000000ed700000, 0x00000000ed800000, 0x00000000ed800000|100%| E|CS|TAMS 0x00000000ed700000| PB 0x00000000ed700000| Complete |  0
| 216|0x00000000ed800000, 0x00000000ed900000, 0x00000000ed900000|100%| E|CS|TAMS 0x00000000ed800000| PB 0x00000000ed800000| Complete |  0
| 217|0x00000000ed900000, 0x00000000eda00000, 0x00000000eda00000|100%| E|CS|TAMS 0x00000000ed900000| PB 0x00000000ed900000| Complete |  0
| 218|0x00000000eda00000, 0x00000000edb00000, 0x00000000edb00000|100%| E|CS|TAMS 0x00000000eda00000| PB 0x00000000eda00000| Complete |  0
| 219|0x00000000edb00000, 0x00000000edc00000, 0x00000000edc00000|100%| E|CS|TAMS 0x00000000edb00000| PB 0x00000000edb00000| Complete |  0
| 220|0x00000000edc00000, 0x00000000edd00000, 0x00000000edd00000|100%| E|CS|TAMS 0x00000000edc00000| PB 0x00000000edc00000| Complete |  0
| 221|0x00000000edd00000, 0x00000000ede00000, 0x00000000ede00000|100%| E|CS|TAMS 0x00000000edd00000| PB 0x00000000edd00000| Complete |  0
| 222|0x00000000ede00000, 0x00000000edf00000, 0x00000000edf00000|100%| E|CS|TAMS 0x00000000ede00000| PB 0x00000000ede00000| Complete |  0
| 223|0x00000000edf00000, 0x00000000ee000000, 0x00000000ee000000|100%| E|CS|TAMS 0x00000000edf00000| PB 0x00000000edf00000| Complete |  0
| 224|0x00000000ee000000, 0x00000000ee100000, 0x00000000ee100000|100%| E|CS|TAMS 0x00000000ee000000| PB 0x00000000ee000000| Complete |  0
| 225|0x00000000ee100000, 0x00000000ee200000, 0x00000000ee200000|100%| E|CS|TAMS 0x00000000ee100000| PB 0x00000000ee100000| Complete |  0
| 226|0x00000000ee200000, 0x00000000ee300000, 0x00000000ee300000|100%| E|CS|TAMS 0x00000000ee200000| PB 0x00000000ee200000| Complete |  0
| 227|0x00000000ee300000, 0x00000000ee400000, 0x00000000ee400000|100%| E|CS|TAMS 0x00000000ee300000| PB 0x00000000ee300000| Complete |  0
| 228|0x00000000ee400000, 0x00000000ee500000, 0x00000000ee500000|100%| E|CS|TAMS 0x00000000ee400000| PB 0x00000000ee400000| Complete |  0
| 229|0x00000000ee500000, 0x00000000ee600000, 0x00000000ee600000|100%| E|CS|TAMS 0x00000000ee500000| PB 0x00000000ee500000| Complete |  0
| 230|0x00000000ee600000, 0x00000000ee700000, 0x00000000ee700000|100%| E|CS|TAMS 0x00000000ee600000| PB 0x00000000ee600000| Complete |  0
| 231|0x00000000ee700000, 0x00000000ee800000, 0x00000000ee800000|100%| E|CS|TAMS 0x00000000ee700000| PB 0x00000000ee700000| Complete |  0
| 232|0x00000000ee800000, 0x00000000ee900000, 0x00000000ee900000|100%| E|CS|TAMS 0x00000000ee800000| PB 0x00000000ee800000| Complete |  0
| 233|0x00000000ee900000, 0x00000000eea00000, 0x00000000eea00000|100%| E|CS|TAMS 0x00000000ee900000| PB 0x00000000ee900000| Complete |  0
| 234|0x00000000eea00000, 0x00000000eeb00000, 0x00000000eeb00000|100%| E|CS|TAMS 0x00000000eea00000| PB 0x00000000eea00000| Complete |  0
| 235|0x00000000eeb00000, 0x00000000eec00000, 0x00000000eec00000|100%| E|CS|TAMS 0x00000000eeb00000| PB 0x00000000eeb00000| Complete |  0
| 236|0x00000000eec00000, 0x00000000eed00000, 0x00000000eed00000|100%| E|CS|TAMS 0x00000000eec00000| PB 0x00000000eec00000| Complete |  0
| 237|0x00000000eed00000, 0x00000000eee00000, 0x00000000eee00000|100%| E|CS|TAMS 0x00000000eed00000| PB 0x00000000eed00000| Complete |  0
| 238|0x00000000eee00000, 0x00000000eef00000, 0x00000000eef00000|100%| E|CS|TAMS 0x00000000eee00000| PB 0x00000000eee00000| Complete |  0
| 239|0x00000000eef00000, 0x00000000ef000000, 0x00000000ef000000|100%| E|CS|TAMS 0x00000000eef00000| PB 0x00000000eef00000| Complete |  0
| 240|0x00000000ef000000, 0x00000000ef100000, 0x00000000ef100000|100%| E|CS|TAMS 0x00000000ef000000| PB 0x00000000ef000000| Complete |  0
| 241|0x00000000ef100000, 0x00000000ef200000, 0x00000000ef200000|100%| E|CS|TAMS 0x00000000ef100000| PB 0x00000000ef100000| Complete |  0
| 242|0x00000000ef200000, 0x00000000ef300000, 0x00000000ef300000|100%| E|CS|TAMS 0x00000000ef200000| PB 0x00000000ef200000| Complete |  0
| 243|0x00000000ef300000, 0x00000000ef400000, 0x00000000ef400000|100%| E|CS|TAMS 0x00000000ef300000| PB 0x00000000ef300000| Complete |  0
| 244|0x00000000ef400000, 0x00000000ef500000, 0x00000000ef500000|100%| E|CS|TAMS 0x00000000ef400000| PB 0x00000000ef400000| Complete |  0
| 245|0x00000000ef500000, 0x00000000ef600000, 0x00000000ef600000|100%| E|CS|TAMS 0x00000000ef500000| PB 0x00000000ef500000| Complete |  0
| 246|0x00000000ef600000, 0x00000000ef700000, 0x00000000ef700000|100%| E|CS|TAMS 0x00000000ef600000| PB 0x00000000ef600000| Complete |  0
| 247|0x00000000ef700000, 0x00000000ef75ffa0, 0x00000000ef800000| 37%| S|CS|TAMS 0x00000000ef700000| PB 0x00000000ef700000| Complete |  0
| 248|0x00000000ef800000, 0x00000000ef900000, 0x00000000ef900000|100%| S|CS|TAMS 0x00000000ef800000| PB 0x00000000ef800000| Complete |  0
| 249|0x00000000ef900000, 0x00000000efa00000, 0x00000000efa00000|100%| S|CS|TAMS 0x00000000ef900000| PB 0x00000000ef900000| Complete |  0
| 250|0x00000000efa00000, 0x00000000efb00000, 0x00000000efb00000|100%| S|CS|TAMS 0x00000000efa00000| PB 0x00000000efa00000| Complete |  0
| 251|0x00000000efb00000, 0x00000000efc00000, 0x00000000efc00000|100%| S|CS|TAMS 0x00000000efb00000| PB 0x00000000efb00000| Complete |  0
| 252|0x00000000efc00000, 0x00000000efd00000, 0x00000000efd00000|100%| E|CS|TAMS 0x00000000efc00000| PB 0x00000000efc00000| Complete |  0
| 253|0x00000000efd00000, 0x00000000efe00000, 0x00000000efe00000|100%| E|CS|TAMS 0x00000000efd00000| PB 0x00000000efd00000| Complete |  0
| 254|0x00000000efe00000, 0x00000000eff00000, 0x00000000eff00000|100%| E|CS|TAMS 0x00000000efe00000| PB 0x00000000efe00000| Complete |  0
| 255|0x00000000eff00000, 0x00000000f0000000, 0x00000000f0000000|100%| E|CS|TAMS 0x00000000eff00000| PB 0x00000000eff00000| Complete |  0

Card table byte_map: [0x0000023a39df0000,0x0000023a39ef0000] _byte_map_base: 0x0000023a396f0000

Marking Bits: (CMBitMap*) 0x0000023a2e1b0f80
 Bits: [0x0000023a39ef0000, 0x0000023a3a6f0000)

Polling page: 0x0000023a2beb0000

Metaspace:

Usage:
  Non-class:     24.65 MB used.
      Class:      4.02 MB used.
       Both:     28.66 MB used.

Virtual space:
  Non-class space:       64.00 MB reserved,      24.94 MB ( 39%) committed,  1 nodes.
      Class space:      208.00 MB reserved,       4.19 MB (  2%) committed,  1 nodes.
             Both:      272.00 MB reserved,      29.12 MB ( 11%) committed. 

Chunk freelists:
   Non-Class:  6.23 MB
       Class:  11.61 MB
        Both:  17.84 MB

MaxMetaspaceSize: 256.00 MB
CompressedClassSpaceSize: 208.00 MB
Initial GC threshold: 21.00 MB
Current GC threshold: 35.25 MB
CDS: on
 - commit_granule_bytes: 65536.
 - commit_granule_words: 8192.
 - virtual_space_node_default_size: 8388608.
 - enlarge_chunks_in_place: 1.
 - use_allocation_guard: 0.


Internal statistics:

num_allocs_failed_limit: 5.
num_arena_births: 548.
num_arena_deaths: 0.
num_vsnodes_births: 2.
num_vsnodes_deaths: 0.
num_space_committed: 466.
num_space_uncommitted: 0.
num_chunks_returned_to_freelist: 5.
num_chunks_taken_from_freelist: 1430.
num_chunk_merges: 5.
num_chunk_splits: 996.
num_chunks_enlarged: 688.
num_inconsistent_stats: 0.

CodeCache: size=49152Kb used=8330Kb max_used=8330Kb free=40822Kb
 bounds [0x0000023a368a0000, 0x0000023a370d0000, 0x0000023a398a0000]
 total_blobs=5000, nmethods=4429, adapters=493, full_count=0
Compilation: enabled, stopped_count=0, restarted_count=0

Compilation events (20 events):
Event: 3.745 Thread 0x0000023a3d3ac2e0 nmethod 4420 0x0000023a370bf108 code [0x0000023a370bf220, 0x0000023a370bf2e8]
Event: 3.745 Thread 0x0000023a3d52dc90 nmethod 4418 0x0000023a370bf408 code [0x0000023a370bf520, 0x0000023a370bf600]
Event: 3.746 Thread 0x0000023a3d52dc90 4421   !   1       java.lang.reflect.Proxy$ProxyBuilder::ensureVisible (65 bytes)
Event: 3.747 Thread 0x0000023a3d52dc90 nmethod 4421 0x0000023a370bf708 code [0x0000023a370bf8a0, 0x0000023a370bfce0]
Event: 3.749 Thread 0x0000023a3d52dc90 4422       1       org.springframework.context.annotation.AnnotationConfigUtils::processCommonDefinitionAnnotations (185 bytes)
Event: 3.749 Thread 0x0000023a3d52dc90 nmethod 4422 0x0000023a370bfd88 code [0x0000023a370c00a0, 0x0000023a370c0928]
Event: 3.751 Thread 0x0000023a3d52dc90 4423       1       org.springframework.util.ReflectionUtils::isCglibRenamedMethod (81 bytes)
Event: 3.751 Thread 0x0000023a3d6b7260 4424       1       org.springframework.core.ResolvableType::forType (7 bytes)
Event: 3.751 Thread 0x0000023a3d6b7260 nmethod 4424 0x0000023a370c0988 code [0x0000023a370c0aa0, 0x0000023a370c0b70]
Event: 3.751 Thread 0x0000023a3d52dc90 nmethod 4423 0x0000023a370c0c88 code [0x0000023a370c0e00, 0x0000023a370c1220]
Event: 3.751 Thread 0x0000023a3d52dc90 4425       1       org.springframework.core.ResolvableType::forMethodParameter (40 bytes)
Event: 3.752 Thread 0x0000023a3d52dc90 nmethod 4425 0x0000023a370c1308 code [0x0000023a370c14a0, 0x0000023a370c1838]
Event: 3.753 Thread 0x0000023a3d52dc90 4426       1       org.springframework.context.annotation.AnnotationBeanNameGenerator$$Lambda/0x0000023a3f282178::<init> (15 bytes)
Event: 3.753 Thread 0x0000023a3d3ac2e0 4427       1       org.springframework.context.annotation.AnnotationBeanNameGenerator::isStereotypeWithNameValue (76 bytes)
Event: 3.753 Thread 0x0000023a3d52dc90 nmethod 4426 0x0000023a370c1908 code [0x0000023a370c1a20, 0x0000023a370c1b80]
Event: 3.754 Thread 0x0000023a3d3ac2e0 nmethod 4427 0x0000023a370c1c08 code [0x0000023a370c1d60, 0x0000023a370c1fa0]
Event: 3.754 Thread 0x0000023a3d3ac2e0 4428       1       org.springframework.boot.autoconfigure.condition.OnBeanCondition::<init> (5 bytes)
Event: 3.754 Thread 0x0000023a3d3ac2e0 nmethod 4428 0x0000023a370c2008 code [0x0000023a370c2140, 0x0000023a370c2368]
Event: 3.756 Thread 0x0000023a3d3ac2e0 4429       1       org.springframework.core.annotation.TypeMappedAnnotations::isPresent (39 bytes)
Event: 3.756 Thread 0x0000023a3d3ac2e0 nmethod 4429 0x0000023a370c2408 code [0x0000023a370c2560, 0x0000023a370c27b8]

GC Heap History (8 events):
Event: 0.813 GC heap before
{Heap before GC invocations=0 (full 0):
 garbage-first heap   total reserved 524288K, committed 262144K, used 27648K [0x00000000e0000000, 0x0000000100000000)
  region size 1024K, 24 young (24576K), 0 survivors (0K)
 Metaspace       used 6552K, committed 6848K, reserved 278528K
  class space    used 819K, committed 960K, reserved 212992K
}
Event: 0.820 GC heap after
{Heap after GC invocations=1 (full 0):
 garbage-first heap   total reserved 524288K, committed 262144K, used 12037K [0x00000000e0000000, 0x0000000100000000)
  region size 1024K, 3 young (3072K), 3 survivors (3072K)
 Metaspace       used 6552K, committed 6848K, reserved 278528K
  class space    used 819K, committed 960K, reserved 212992K
}
Event: 1.061 GC heap before
{Heap before GC invocations=1 (full 0):
 garbage-first heap   total reserved 524288K, committed 262144K, used 36613K [0x00000000e0000000, 0x0000000100000000)
  region size 1024K, 23 young (23552K), 3 survivors (3072K)
 Metaspace       used 9269K, committed 9536K, reserved 278528K
  class space    used 1174K, committed 1280K, reserved 212992K
}
Event: 1.065 GC heap after
{Heap after GC invocations=2 (full 0):
 garbage-first heap   total reserved 524288K, committed 262144K, used 16011K [0x00000000e0000000, 0x0000000100000000)
  region size 1024K, 3 young (3072K), 3 survivors (3072K)
 Metaspace       used 9269K, committed 9536K, reserved 278528K
  class space    used 1174K, committed 1280K, reserved 212992K
}
Event: 2.808 GC heap before
{Heap before GC invocations=2 (full 0):
 garbage-first heap   total reserved 524288K, committed 262144K, used 66187K [0x00000000e0000000, 0x0000000100000000)
  region size 1024K, 53 young (54272K), 3 survivors (3072K)
 Metaspace       used 20551K, committed 20992K, reserved 278528K
  class space    used 2914K, committed 3072K, reserved 212992K
}
Event: 2.814 GC heap after
{Heap after GC invocations=3 (full 0):
 garbage-first heap   total reserved 524288K, committed 262144K, used 20066K [0x00000000e0000000, 0x0000000100000000)
  region size 1024K, 7 young (7168K), 7 survivors (7168K)
 Metaspace       used 20551K, committed 20992K, reserved 278528K
  class space    used 2914K, committed 3072K, reserved 212992K
}
Event: 2.834 GC heap before
{Heap before GC invocations=3 (full 0):
 garbage-first heap   total reserved 524288K, committed 262144K, used 23138K [0x00000000e0000000, 0x0000000100000000)
  region size 1024K, 11 young (11264K), 7 survivors (7168K)
 Metaspace       used 21093K, committed 21504K, reserved 278528K
  class space    used 2967K, committed 3136K, reserved 212992K
}
Event: 2.839 GC heap after
{Heap after GC invocations=4 (full 0):
 garbage-first heap   total reserved 524288K, committed 262144K, used 20574K [0x00000000e0000000, 0x0000000100000000)
  region size 1024K, 5 young (5120K), 5 survivors (5120K)
 Metaspace       used 21093K, committed 21504K, reserved 278528K
  class space    used 2967K, committed 3136K, reserved 212992K
}

Dll operation events (11 events):
Event: 0.017 Loaded shared library C:\Program Files\Java\jdk-23\bin\java.dll
Event: 0.239 Loaded shared library C:\Program Files\Java\jdk-23\bin\zip.dll
Event: 0.245 Loaded shared library C:\Program Files\Java\jdk-23\bin\instrument.dll
Event: 0.251 Loaded shared library C:\Program Files\Java\jdk-23\bin\net.dll
Event: 0.254 Loaded shared library C:\Program Files\Java\jdk-23\bin\nio.dll
Event: 0.257 Loaded shared library C:\Program Files\Java\jdk-23\bin\zip.dll
Event: 0.313 Loaded shared library C:\Program Files\Java\jdk-23\bin\jimage.dll
Event: 0.426 Loaded shared library C:\Program Files\Java\jdk-23\bin\extnet.dll
Event: 0.438 Loaded shared library C:\Program Files\Java\jdk-23\bin\management.dll
Event: 0.452 Loaded shared library C:\Program Files\Java\jdk-23\bin\management_ext.dll
Event: 3.146 Loaded shared library C:\Program Files\Java\jdk-23\bin\sunmscapi.dll

Deoptimization events (4 events):
Event: 2.825 Thread 0x0000023a2e185df0 DEOPT PACKING pc=0x0000023a36f0c89c sp=0x000000a7995fe430
Event: 2.825 Thread 0x0000023a2e185df0 DEOPT UNPACKING pc=0x0000023a368f4b22 sp=0x000000a7995fd998 mode 0
Event: 2.825 Thread 0x0000023a2e185df0 DEOPT PACKING pc=0x0000023a36f13444 sp=0x000000a7995fe620
Event: 2.825 Thread 0x0000023a2e185df0 DEOPT UNPACKING pc=0x0000023a368f4b22 sp=0x000000a7995fdb30 mode 0

Classes loaded (20 events):
Event: 3.137 Loading class javax/security/auth/callback/CallbackHandler
Event: 3.137 Loading class javax/security/auth/callback/CallbackHandler done
Event: 3.154 Loading class sun/security/provider/certpath/ldap/JdkLDAP
Event: 3.154 Loading class sun/security/provider/certpath/ldap/JdkLDAP done
Event: 3.156 Loading class sun/security/provider/certpath/ldap/JdkLDAP$ProviderService
Event: 3.156 Loading class sun/security/provider/certpath/ldap/JdkLDAP$ProviderService done
Event: 3.156 Loading class com/sun/security/sasl/Provider
Event: 3.156 Loading class com/sun/security/sasl/Provider done
Event: 3.157 Loading class com/sun/security/sasl/Provider$1
Event: 3.157 Loading class com/sun/security/sasl/Provider$1 done
Event: 3.157 Loading class com/sun/security/sasl/Provider$ProviderService
Event: 3.157 Loading class com/sun/security/sasl/Provider$ProviderService done
Event: 3.188 Loading class java/security/AccessControlException
Event: 3.188 Loading class java/security/AccessControlException done
Event: 3.191 Loading class java/beans/PropertyVetoException
Event: 3.191 Loading class java/beans/PropertyVetoException done
Event: 3.643 Loading class java/lang/UnsupportedClassVersionError
Event: 3.643 Loading class java/lang/ClassFormatError
Event: 3.643 Loading class java/lang/ClassFormatError done
Event: 3.643 Loading class java/lang/UnsupportedClassVersionError done

Classes unloaded (0 events):
No events

Classes redefined (0 events):
No events

Internal exceptions (20 events):
Event: 1.300 Thread 0x0000023a2e185df0 Exception <a 'java/lang/NoSuchMethodError'{0x00000000ef2603f0}: 'java.lang.Object java.lang.invoke.DirectMethodHandle$Holder.newInvokeSpecial(java.lang.Object, int, java.lang.Object)'> (0x00000000ef2603f0) 
thrown [s\open\src\hotspot\share\interpreter\linkResolver.cpp, line 796]
Event: 1.300 Thread 0x0000023a2e185df0 Exception <a 'java/lang/NoSuchMethodError'{0x00000000ef264178}: 'int java.lang.invoke.DirectMethodHandle$Holder.invokeSpecialIFC(java.lang.Object, java.lang.Object, java.lang.Object, java.lang.Object)'> (0x00000000ef264178) 
thrown [s\open\src\hotspot\share\interpreter\linkResolver.cpp, line 796]
Event: 1.316 Thread 0x0000023a2e185df0 Exception <a 'java/lang/NoSuchMethodError'{0x00000000ef118938}: 'void java.lang.invoke.DirectMethodHandle$Holder.invokeInterface(java.lang.Object, java.lang.Object, java.lang.Object)'> (0x00000000ef118938) 
thrown [s\open\src\hotspot\share\interpreter\linkResolver.cpp, line 796]
Event: 1.331 Thread 0x0000023a2e185df0 Exception <a 'java/lang/NoSuchMethodError'{0x00000000ef1c1820}: 'java.lang.reflect.Field[] java.lang.Class.getDeclaredFields(java.lang.Class)'> (0x00000000ef1c1820) 
thrown [s\open\src\hotspot\share\interpreter\linkResolver.cpp, line 796]
Event: 1.331 Thread 0x0000023a2e185df0 Exception <a 'java/lang/NoSuchMethodError'{0x00000000ef1c61e8}: 'java.lang.Object java.lang.invoke.DirectMethodHandle$Holder.invokeStatic(java.lang.Object, java.lang.Object, int)'> (0x00000000ef1c61e8) 
thrown [s\open\src\hotspot\share\interpreter\linkResolver.cpp, line 796]
Event: 1.332 Thread 0x0000023a2e185df0 Exception <a 'java/lang/NoSuchMethodError'{0x00000000ef1d13c8}: 'void java.lang.invoke.DelegatingMethodHandle$Holder.delegate(java.lang.Object, java.lang.Object, int, java.lang.Object)'> (0x00000000ef1d13c8) 
thrown [s\open\src\hotspot\share\interpreter\linkResolver.cpp, line 796]
Event: 1.521 Thread 0x0000023a3dd92f70 Exception <a 'java/lang/NoSuchMethodError'{0x00000000ef091468}: 'long java.lang.invoke.DirectMethodHandle$Holder.invokeVirtual(java.lang.Object, java.lang.Object)'> (0x00000000ef091468) 
thrown [s\open\src\hotspot\share\interpreter\linkResolver.cpp, line 796]
Event: 1.522 Thread 0x0000023a3dd92f70 Exception <a 'java/lang/NoSuchMethodError'{0x00000000ef094a60}: 'long java.lang.invoke.DelegatingMethodHandle$Holder.reinvoke_L(java.lang.Object, java.lang.Object)'> (0x00000000ef094a60) 
thrown [s\open\src\hotspot\share\interpreter\linkResolver.cpp, line 796]
Event: 1.875 Thread 0x0000023a3dd92f70 Exception <a 'java/lang/NoSuchMethodError'{0x00000000eef6aaa0}: static [Ljava/lang/StackTraceElement;.<clinit>()V> (0x00000000eef6aaa0) 
thrown [s\open\src\hotspot\share\prims\jni.cpp, line 1111]
Event: 2.366 Thread 0x0000023a2e185df0 Exception <a 'java/lang/NoSuchMethodError'{0x00000000eefb0e20}: 'java.lang.Object java.lang.invoke.DirectMethodHandle$Holder.invokeVirtual(java.lang.Object, java.lang.Object, java.lang.Object)'> (0x00000000eefb0e20) 
thrown [s\open\src\hotspot\share\interpreter\linkResolver.cpp, line 796]
Event: 2.382 Thread 0x0000023a2e185df0 Exception <a 'java/lang/NoSuchMethodError'{0x00000000eeeac490}: 'void java.lang.invoke.DirectMethodHandle$Holder.invokeStatic(java.lang.Object, java.lang.Object, int)'> (0x00000000eeeac490) 
thrown [s\open\src\hotspot\share\interpreter\linkResolver.cpp, line 796]
Event: 2.399 Thread 0x0000023a2e185df0 Exception <a 'java/lang/NoSuchMethodError'{0x00000000eedbb710}: 'void java.lang.invoke.DirectMethodHandle$Holder.invokeVirtual(java.lang.Object, java.lang.Object, java.lang.Object, java.lang.Object)'> (0x00000000eedbb710) 
thrown [s\open\src\hotspot\share\interpreter\linkResolver.cpp, line 796]
Event: 2.440 Thread 0x0000023a2e185df0 Exception <a 'java/lang/IncompatibleClassChangeError'{0x00000000ee723c48}: Found class java.lang.Object, but interface was expected> (0x00000000ee723c48) 
thrown [s\open\src\hotspot\share\interpreter\linkResolver.cpp, line 863]
Event: 2.724 Thread 0x0000023a2e185df0 Exception <a 'java/lang/NoSuchMethodError'{0x00000000ed2485a0}: 'int java.lang.invoke.DirectMethodHandle$Holder.invokeSpecial(java.lang.Object, java.lang.Object, java.lang.Object, java.lang.Object, java.lang.Object)'> (0x00000000ed2485a0) 
thrown [s\open\src\hotspot\share\interpreter\linkResolver.cpp, line 796]
Event: 2.988 Thread 0x0000023a2e185df0 Exception <a 'java/lang/IncompatibleClassChangeError'{0x00000000ee934800}: Found class java.lang.Object, but interface was expected> (0x00000000ee934800) 
thrown [s\open\src\hotspot\share\interpreter\linkResolver.cpp, line 863]
Event: 3.087 Thread 0x0000023a51203d30 Exception <a 'java/lang/NoSuchMethodError'{0x00000000edd06b98}: 'long java.lang.invoke.DirectMethodHandle$Holder.invokeStatic(java.lang.Object, java.lang.Object)'> (0x00000000edd06b98) 
thrown [s\open\src\hotspot\share\interpreter\linkResolver.cpp, line 796]
Event: 3.087 Thread 0x0000023a51203d30 Exception <a 'java/lang/NoSuchMethodError'{0x00000000edd09c98}: 'long java.lang.invoke.DirectMethodHandle$Holder.invokeStaticInit(java.lang.Object, java.lang.Object)'> (0x00000000edd09c98) 
thrown [s\open\src\hotspot\share\interpreter\linkResolver.cpp, line 796]
Event: 3.091 Thread 0x0000023a51203d30 Exception <a 'java/lang/NoSuchMethodError'{0x00000000edd15f28}: 'long java.lang.invoke.DirectMethodHandle$Holder.invokeInterface(java.lang.Object, java.lang.Object)'> (0x00000000edd15f28) 
thrown [s\open\src\hotspot\share\interpreter\linkResolver.cpp, line 796]
Event: 3.091 Thread 0x0000023a51203d30 Exception <a 'java/lang/IncompatibleClassChangeError'{0x00000000edd18f50}: Found class java.lang.Object, but interface was expected> (0x00000000edd18f50) 
thrown [s\open\src\hotspot\share\interpreter\linkResolver.cpp, line 863]
Event: 3.095 Thread 0x0000023a51203d30 Exception <a 'java/lang/NoSuchMethodError'{0x00000000edd316c0}: 'java.lang.Object java.lang.invoke.DirectMethodHandle$Holder.invokeVirtual(java.lang.Object, java.lang.Object, java.lang.Object, java.lang.Object)'> (0x00000000edd316c0) 
thrown [s\open\src\hotspot\share\interpreter\linkResolver.cpp, line 796]

VM Operations (20 events):
Event: 2.709 Executing VM operation: HandshakeAllThreads (Deoptimize)
Event: 2.709 Executing VM operation: HandshakeAllThreads (Deoptimize) done
Event: 2.807 Executing VM operation: G1CollectForAllocation (G1 Evacuation Pause)
Event: 2.814 Executing VM operation: G1CollectForAllocation (G1 Evacuation Pause) done
Event: 2.825 Executing VM operation: HandshakeAllThreads (Deoptimize)
Event: 2.825 Executing VM operation: HandshakeAllThreads (Deoptimize) done
Event: 2.834 Executing VM operation: CollectForMetadataAllocation (Metadata GC Threshold)
Event: 2.840 Executing VM operation: CollectForMetadataAllocation (Metadata GC Threshold) done
Event: 2.840 Executing VM operation: CollectForMetadataAllocation (Metadata GC Threshold)
Event: 2.840 Executing VM operation: CollectForMetadataAllocation (Metadata GC Threshold) done
Event: 2.846 Executing VM operation: G1PauseRemark
Event: 2.848 Executing VM operation: G1PauseRemark done
Event: 2.851 Executing VM operation: G1PauseCleanup
Event: 2.851 Executing VM operation: G1PauseCleanup done
Event: 3.378 Executing VM operation: HandshakeAllThreads (Deoptimize)
Event: 3.378 Executing VM operation: HandshakeAllThreads (Deoptimize) done
Event: 3.500 Executing VM operation: HandshakeAllThreads (Deoptimize)
Event: 3.500 Executing VM operation: HandshakeAllThreads (Deoptimize) done
Event: 3.559 Executing VM operation: HandshakeAllThreads (Deoptimize)
Event: 3.559 Executing VM operation: HandshakeAllThreads (Deoptimize) done

Memory protections (0 events):
No events

Nmethod flushes (0 events):
No events

Events (20 events):
Event: 0.301 Thread 0x0000023a3d53a690 Thread added: 0x0000023a3d6b7260
Event: 0.413 Thread 0x0000023a2e185df0 Thread added: 0x0000023a3db64410
Event: 0.413 Thread 0x0000023a2e185df0 Thread added: 0x0000023a3d78af60
Event: 0.740 Thread 0x0000023a2e185df0 Thread added: 0x0000023a3dd978a0
Event: 0.759 Thread 0x0000023a3dd978a0 Thread added: 0x0000023a3dd92f70
Event: 0.784 Thread 0x0000023a3dd92f70 Thread added: 0x0000023a3ddccbc0
Event: 0.794 Thread 0x0000023a3dd92f70 Thread added: 0x0000023a3de2b390
Event: 1.355 Thread 0x0000023a2e185df0 Thread added: 0x0000023a5115db30
Event: 1.870 Thread 0x0000023a3dd92f70 Thread added: 0x0000023a510c9400
Event: 1.878 Thread 0x0000023a510c9400 Thread exited: 0x0000023a510c9400
Event: 2.380 Thread 0x0000023a3dd92f70 Thread added: 0x0000023a512022f0
Event: 2.384 Thread 0x0000023a512022f0 Thread exited: 0x0000023a512022f0
Event: 2.437 Thread 0x0000023a2e185df0 Thread added: 0x0000023a51203d30
Event: 2.882 Thread 0x0000023a2e185df0 Thread added: 0x0000023a512022f0
Event: 2.887 Thread 0x0000023a3dd92f70 Thread added: 0x0000023a51203010
Event: 2.896 Thread 0x0000023a51203010 Thread exited: 0x0000023a51203010
Event: 2.976 Thread 0x0000023a512022f0 Thread exited: 0x0000023a512022f0
Event: 3.160 Thread 0x0000023a51203d30 Thread exited: 0x0000023a51203d30
Event: 3.398 Thread 0x0000023a3dd92f70 Thread added: 0x0000023a512036a0
Event: 3.406 Thread 0x0000023a512036a0 Thread exited: 0x0000023a512036a0


Dynamic libraries:
0x00007ff718bc0000 - 0x00007ff718bd0000 	C:\Program Files\Java\jdk-23\bin\java.exe
0x00007ff8a1fe0000 - 0x00007ff8a2248000 	C:\WINDOWS\SYSTEM32\ntdll.dll
0x00007ff8a0c10000 - 0x00007ff8a0cd9000 	C:\WINDOWS\System32\KERNEL32.DLL
0x00007ff89f770000 - 0x00007ff89fb62000 	C:\WINDOWS\System32\KERNELBASE.dll
0x00007ff89f200000 - 0x00007ff89f34b000 	C:\WINDOWS\System32\ucrtbase.dll
0x00007ff887db0000 - 0x00007ff887dcb000 	C:\Program Files\Java\jdk-23\bin\VCRUNTIME140.dll
0x00007ff887d70000 - 0x00007ff887d87000 	C:\Program Files\Java\jdk-23\bin\jli.dll
0x00007ff8a0a40000 - 0x00007ff8a0c05000 	C:\WINDOWS\System32\USER32.dll
0x00007ff89f4c0000 - 0x00007ff89f4e7000 	C:\WINDOWS\System32\win32u.dll
0x00007ff89e280000 - 0x00007ff89e513000 	C:\WINDOWS\WinSxS\amd64_microsoft.windows.common-controls_6595b64144ccf1df_6.0.26100.6899_none_3e0efeeae32e88c1\COMCTL32.dll
0x00007ff89fdb0000 - 0x00007ff89fddb000 	C:\WINDOWS\System32\GDI32.dll
0x00007ff8a0990000 - 0x00007ff8a0a39000 	C:\WINDOWS\System32\msvcrt.dll
0x00007ff89f4f0000 - 0x00007ff89f61d000 	C:\WINDOWS\System32\gdi32full.dll
0x00007ff89f6c0000 - 0x00007ff89f763000 	C:\WINDOWS\System32\msvcp_win.dll
0x00007ff8a1090000 - 0x00007ff8a10bf000 	C:\WINDOWS\System32\IMM32.DLL
0x00007ff893f00000 - 0x00007ff893f0c000 	C:\Program Files\Java\jdk-23\bin\vcruntime140_1.dll
0x00007ff8814b0000 - 0x00007ff88153e000 	C:\Program Files\Java\jdk-23\bin\msvcp140.dll
0x00007ff8237b0000 - 0x00007ff8244ff000 	C:\Program Files\Java\jdk-23\bin\server\jvm.dll
0x00007ff89fde0000 - 0x00007ff89fe94000 	C:\WINDOWS\System32\ADVAPI32.dll
0x00007ff8a08b0000 - 0x00007ff8a0956000 	C:\WINDOWS\System32\sechost.dll
0x00007ff8a1270000 - 0x00007ff8a1388000 	C:\WINDOWS\System32\RPCRT4.dll
0x00007ff8a0830000 - 0x00007ff8a08a4000 	C:\WINDOWS\System32\WS2_32.dll
0x00007ff897a70000 - 0x00007ff897aa5000 	C:\WINDOWS\SYSTEM32\WINMM.dll
0x00007ff89efd0000 - 0x00007ff89f02e000 	C:\WINDOWS\SYSTEM32\POWRPROF.dll
0x00007ff880e10000 - 0x00007ff880e1b000 	C:\WINDOWS\SYSTEM32\VERSION.dll
0x00007ff89efb0000 - 0x00007ff89efc4000 	C:\WINDOWS\SYSTEM32\UMPDC.dll
0x00007ff89d5d0000 - 0x00007ff89d5eb000 	C:\WINDOWS\SYSTEM32\kernel.appcore.dll
0x00007ff88a250000 - 0x00007ff88a25a000 	C:\Program Files\Java\jdk-23\bin\jimage.dll
0x00007ff89e950000 - 0x00007ff89eb92000 	C:\WINDOWS\SYSTEM32\DBGHELP.DLL
0x00007ff89ffa0000 - 0x00007ff8a031b000 	C:\WINDOWS\System32\combase.dll
0x00007ff8a0cf0000 - 0x00007ff8a0dc7000 	C:\WINDOWS\System32\OLEAUT32.dll
0x00007ff89e820000 - 0x00007ff89e85c000 	C:\WINDOWS\SYSTEM32\dbgcore.DLL
0x00007ff89f620000 - 0x00007ff89f6b8000 	C:\WINDOWS\System32\bcryptPrimitives.dll
0x00007ff8893f0000 - 0x00007ff8893ff000 	C:\Program Files\Java\jdk-23\bin\instrument.dll
0x00007ff8848f0000 - 0x00007ff88490e000 	C:\Program Files\Java\jdk-23\bin\java.dll
0x00007ff8a10d0000 - 0x00007ff8a1268000 	C:\WINDOWS\System32\ole32.dll
0x00007ff8a1750000 - 0x00007ff8a1e9d000 	C:\WINDOWS\System32\SHELL32.dll
0x00007ff89f350000 - 0x00007ff89f4bb000 	C:\WINDOWS\System32\wintypes.dll
0x00007ff89c300000 - 0x00007ff89cb5d000 	C:\WINDOWS\SYSTEM32\windows.storage.dll
0x00007ff8a13e0000 - 0x00007ff8a14d2000 	C:\WINDOWS\System32\SHCORE.dll
0x00007ff8a0ec0000 - 0x00007ff8a0f22000 	C:\WINDOWS\System32\shlwapi.dll
0x00007ff89f090000 - 0x00007ff89f0b9000 	C:\WINDOWS\SYSTEM32\profapi.dll
0x00007ff884730000 - 0x00007ff884747000 	C:\Program Files\Java\jdk-23\bin\zip.dll
0x00007ff8895b0000 - 0x00007ff8895c0000 	C:\Program Files\Java\jdk-23\bin\net.dll
0x00007ff89dae0000 - 0x00007ff89db4b000 	C:\WINDOWS\system32\mswsock.dll
0x00007ff8848d0000 - 0x00007ff8848e6000 	C:\Program Files\Java\jdk-23\bin\nio.dll
0x00007ff89d1a0000 - 0x00007ff89d2c6000 	C:\WINDOWS\SYSTEM32\DNSAPI.dll
0x00007ff89d160000 - 0x00007ff89d194000 	C:\WINDOWS\SYSTEM32\IPHLPAPI.DLL
0x00007ff89ff20000 - 0x00007ff89ff2a000 	C:\WINDOWS\System32\NSI.dll
0x00007ff8976d0000 - 0x00007ff8976db000 	C:\Windows\System32\rasadhlp.dll
0x00007ff8893e0000 - 0x00007ff8893e9000 	C:\Program Files\Java\jdk-23\bin\extnet.dll
0x00007ff897d50000 - 0x00007ff897dd6000 	C:\WINDOWS\System32\fwpuclnt.dll
0x00007ff889410000 - 0x00007ff88941a000 	C:\Program Files\Java\jdk-23\bin\management.dll
0x00007ff889400000 - 0x00007ff88940b000 	C:\Program Files\Java\jdk-23\bin\management_ext.dll
0x00007ff8a0960000 - 0x00007ff8a0968000 	C:\WINDOWS\System32\PSAPI.DLL
0x00007ff89eca0000 - 0x00007ff89ecbb000 	C:\WINDOWS\SYSTEM32\CRYPTSP.dll
0x00007ff89df80000 - 0x00007ff89dfbb000 	C:\WINDOWS\system32\rsaenh.dll
0x00007ff89db50000 - 0x00007ff89db7b000 	C:\WINDOWS\SYSTEM32\USERENV.dll
0x00007ff89f060000 - 0x00007ff89f086000 	C:\WINDOWS\SYSTEM32\bcrypt.dll
0x00007ff89df70000 - 0x00007ff89df7c000 	C:\WINDOWS\SYSTEM32\CRYPTBASE.dll
0x00007ff87bac0000 - 0x00007ff87bad8000 	C:\WINDOWS\system32\napinsp.dll
0x00007ff878250000 - 0x00007ff878262000 	C:\WINDOWS\System32\winrnr.dll
0x00007ff877520000 - 0x00007ff877548000 	C:\WINDOWS\system32\nlansp_c.dll
0x00007ff894550000 - 0x00007ff894566000 	C:\WINDOWS\system32\wshbth.dll
0x00007ff86cb60000 - 0x00007ff86cbb6000 	C:\WINDOWS\SYSTEM32\pdh.dll
0x00007ff87bf50000 - 0x00007ff87bfbd000 	C:\WINDOWS\system32\mscoree.dll
0x00007ff87beb0000 - 0x00007ff87bf4b000 	C:\Windows\Microsoft.NET\Framework64\v4.0.30319\mscoreei.dll
0x00007ff885220000 - 0x00007ff885245000 	C:\Windows\Microsoft.NET\Framework64\v4.0.30319\CorperfmonExt.dll
0x00007ff87b0b0000 - 0x00007ff87b0bc000 	C:\WINDOWS\SYSTEM32\VCRUNTIME140_1_CLR0400.dll
0x00007ff87a010000 - 0x00007ff87a0dd000 	C:\WINDOWS\SYSTEM32\ucrtbase_clr0400.dll
0x00007ff87a0e0000 - 0x00007ff87a0fb000 	C:\WINDOWS\SYSTEM32\VCRUNTIME140_CLR0400.dll
0x00007ff89c0c0000 - 0x00007ff89c0ea000 	C:\WINDOWS\SYSTEM32\WTSAPI32.dll
0x00007ff89fc30000 - 0x00007ff89fda7000 	C:\WINDOWS\System32\CRYPT32.dll
0x00007ff89d830000 - 0x00007ff89d879000 	C:\WINDOWS\SYSTEM32\SspiCli.dll
0x00007ff87de10000 - 0x00007ff87de77000 	C:\WINDOWS\SYSTEM32\perf-MSSQL$SQLEXPRESS-sqlctr16.0.1000.6.dll
0x00007ff8807e0000 - 0x00007ff8807f8000 	C:\Program Files\Microsoft SQL Server\160\Shared\instapi160.dll
0x00007ff8849d0000 - 0x00007ff8849db000 	C:\Windows\System32\rasctrs.dll
0x00007ff853830000 - 0x00007ff853868000 	C:\WINDOWS\SYSTEM32\rasman.dll
0x00007ff8849a0000 - 0x00007ff8849c3000 	C:\WINDOWS\SYSTEM32\perf-MSSQL16.SQLEXPRESS-sqlagtctr.dll
0x00007ff84db50000 - 0x00007ff84dbe4000 	C:\Program Files (x86)\VMware\VMware Player\vmPerfmon.dll
0x00007ff887d90000 - 0x00007ff887da2000 	C:\WINDOWS\System32\perfproc.dll
0x00007ff852690000 - 0x00007ff8526a1000 	C:\WINDOWS\System32\perfos.dll
0x00007ff89cba0000 - 0x00007ff89cbb2000 	C:\WINDOWS\SYSTEM32\pfclient.dll
0x00007ff899070000 - 0x00007ff89907e000 	C:\Program Files\Java\jdk-23\bin\sunmscapi.dll
0x00007ff89e240000 - 0x00007ff89e270000 	C:\WINDOWS\SYSTEM32\ncrypt.dll
0x00007ff89e1f0000 - 0x00007ff89e22f000 	C:\WINDOWS\SYSTEM32\NTASN1.dll

dbghelp: loaded successfully - version: 4.0.5 - missing functions: none
symbol engine: initialized successfully - sym options: 0x614 - pdb path: .;C:\Program Files\Java\jdk-23\bin;C:\WINDOWS\SYSTEM32;C:\WINDOWS\WinSxS\amd64_microsoft.windows.common-controls_6595b64144ccf1df_6.0.26100.6899_none_3e0efeeae32e88c1;C:\Program Files\Java\jdk-23\bin\server;C:\Windows\Microsoft.NET\Framework64\v4.0.30319;C:\Program Files\Microsoft SQL Server\160\Shared;C:\Program Files (x86)\VMware\VMware Player

VM Arguments:
jvm_args: -Xms256m -Xmx512m -XX:MaxMetaspaceSize=256m -XX:TieredStopAtLevel=1 -Dspring.output.ansi.enabled=always -Dcom.sun.management.jmxremote -Dspring.jmx.enabled=true -Dspring.liveBeansView.mbeanDomain -Dspring.application.admin.enabled=true -Dmanagement.endpoints.jmx.exposure.include=* -javaagent:C:\Users\Bainy\AppData\Local\Programs\IntelliJ IDEA Ultimate 2025.1\lib\idea_rt.jar=61337 -Dfile.encoding=UTF-8 -Dsun.stdout.encoding=UTF-8 -Dsun.stderr.encoding=UTF-8 
java_command: com.mycoliving.userservice.UserServiceApplication
java_class_path (initial): C:\Users\Bainy\IdeaProjects\MyCoLiving\user-service\target\classes;C:\Users\Bainy\.m2\repository\org\springframework\boot\spring-boot-starter-actuator\3.5.6\spring-boot-starter-actuator-3.5.6.jar;C:\Users\Bainy\.m2\repository\org\springframework\boot\spring-boot-starter\3.5.6\spring-boot-starter-3.5.6.jar;C:\Users\Bainy\.m2\repository\org\springframework\boot\spring-boot\3.5.6\spring-boot-3.5.6.jar;C:\Users\Bainy\.m2\repository\org\springframework\boot\spring-boot-autoconfigure\3.5.6\spring-boot-autoconfigure-3.5.6.jar;C:\Users\Bainy\.m2\repository\org\springframework\boot\spring-boot-starter-logging\3.5.6\spring-boot-starter-logging-3.5.6.jar;C:\Users\Bainy\.m2\repository\ch\qos\logback\logback-classic\1.5.18\logback-classic-1.5.18.jar;C:\Users\Bainy\.m2\repository\ch\qos\logback\logback-core\1.5.18\logback-core-1.5.18.jar;C:\Users\Bainy\.m2\repository\org\apache\logging\log4j\log4j-to-slf4j\2.24.3\log4j-to-slf4j-2.24.3.jar;C:\Users\Bainy\.m2\repository\org\apache\logging\log4j\log4j-api\2.24.3\log4j-api-2.24.3.jar;C:\Users\Bainy\.m2\repository\org\slf4j\jul-to-slf4j\2.0.17\jul-to-slf4j-2.0.17.jar;C:\Users\Bainy\.m2\repository\jakarta\annotation\jakarta.annotation-api\2.1.1\jakarta.annotation-api-2.1.1.jar;C:\Users\Bainy\.m2\repository\org\yaml\snakeyaml\2.4\snakeyaml-2.4.jar;C:\Users\Bainy\.m2\repository\org\springframework\boot\spring-boot-actuator-autoconfigure\3.5.6\spring-boot-actuator-autoconfigure-3.5.6.jar;C:\Users\Bainy\.m2\repository\org\springframework\boot\spring-boot-actuator\3.5.6\spring-boot-actuator-3.5.6.jar;C:\Users\Bainy\.m2\repository\com\fasterxml\jackson\core\jackson-databind\2.19.2\jackson-databind-2.19.2.jar;C:\Users\Bainy\.m2\repository\io\micrometer\micrometer-observation\1.15.4\micrometer-observation-1.15.4.jar;C:\Users\Bainy\.m2\repository\io\micrometer\micrometer-commons\1.15.4\micrometer-commons-1.15.4.jar;C:\Users\Bainy\.m2\repository\io\micrometer\micrometer-jakarta9\1.15.4\micrometer-jakarta9-1.15.4.jar;C:\Users\Bainy\.m2\repository\io\micrometer\micrometer-core\1.15.4\micrometer-core-1.15.4.jar;C:\Users\Bainy\.m2\repository\org\hdrhistogram\HdrHistogram\2.2.2\HdrHistogram-2.2.2.jar;C:\Users\Bainy\.m2\repository\org\latencyutils\LatencyUtils\2.0.3\LatencyUtils-2.0.3.jar;C:\Users\Bainy\.m2\repository\org\springframework\boot\spring-boot-starter-data-jpa\3.5.6\spring-boot-starter-data-jpa-3.5.6.jar;C:\Users\Bainy\.m2\repository\org\springframework\boot\spring-boot-starter-jdbc\3.5.6\spring-boot-starter-jdbc-3.5.6.jar;C:\Users\Bainy\.m2\repository\com\zaxxer\HikariCP\6.3.3\HikariCP-6.3.3.jar;C:\Users\Bainy\.m2\repository\org\springframework\spring-jdbc\6.2.11\spring-jdbc-6.2.11.jar;C:\Users\Bainy\.m2\repository\org\hibernate\orm\hibernate-core\6.6.29.Final\hibernate-core-6.6.29.Final.jar;C:\Users\Bainy\.m2\repository\jakarta\persistence\jakarta.persistence-api\3.1.0\jakarta.persistence-api-3.1.0.jar;C:\Users\Bainy\.m2\repository\jakarta\transaction\jakarta.transaction-api\2.0.1\jakarta.transaction-api-2.0.1.jar;C:\Users\Bainy\.m2\repository\org\jboss\logging\jboss-logging\3.6.1.Final\jboss-logging-3.6.1.Final.jar;C:\Users\Bainy\.m2\repository\org\hibernate\common\hibernate-commons-annotations\7.0.3.Final\hibernate-commons-annotations-7.0.3.Final.jar;C:\Users\Bainy\.m2\repository\io\smallrye\jandex\3.2.0\jandex-3.2.0.jar;C:\Users\Bainy\.m2\repository\com\fasterxml\classmate\1.7.0\classmate-1.7.0.jar;C:\Users\Bainy\.m2\repository\net\bytebuddy\byte-buddy\1.17.7\byte-buddy-1.17.7.jar;C:\Users\Bainy\.m2\repository\org\glassfish\jaxb\jaxb-runtime\4.0.5\jaxb-runtime-4.0.5.jar;C:\Users\Bainy\.m2\repository\org\glassfish\jaxb\jaxb-core\4.0.5\jaxb-core-4.0.5.jar;C:\Users\Bainy\.m2\repository\org\eclipse\angus\angus-activation\2.0.2\angus-activation-2.0.2.jar;C:\Users\Bainy\.m2\repository\org\glassfish\jaxb\txw2\4.0.5\txw2-4.0.5.jar;C:\Users\Bainy\.m2\repository\com\sun\istack\istack-commons-runtime\4.1.2\istack-commons-runtime-4.1.2.jar;C:\Users\Bainy\.m2\repository\jakarta\inject\jakarta.inject-api\2.0.1\jakarta.inject-api-2.0.1.jar;C:\Users\Bainy\.m2\repository\org\antlr\antlr4-runtime\4.13.0\antlr4-runtime-4.13.0.jar;C:\Users\Bainy\.m2\repository\org\springframework\data\spring-data-jpa\3.5.4\spring-data-jpa-3.5.4.jar;C:\Users\Bainy\.m2\repository\org\springframework\data\spring-data-commons\3.5.4\spring-data-commons-3.5.4.jar;C:\Users\Bainy\.m2\repository\org\springframework\spring-orm\6.2.11\spring-orm-6.2.11.jar;C:\Users\Bainy\.m2\repository\org\springframework\spring-context\6.2.11\spring-context-6.2.11.jar;C:\Users\Bainy\.m2\repository\org\springframework\spring-tx\6.2.11\spring-tx-6.2.11.jar;C:\Users\Bainy\.m2\repository\org\springframework\spring-beans\6.2.11\spring-beans-6.2.11.jar;C:\Users\Bainy\.m2\repository\org\slf4j\slf4j-api\2.0.17\slf4j-api-2.0.17.jar;C:\Users\Bainy\.m2\repository\org\springframework\spring-aspects\6.2.11\spring-aspects-6.2.11.jar;C:\Users\Bainy\.m2\repository\org\aspectj\aspectjweaver\1.9.24\aspectjweaver-1.9.24.jar;C:\Users\Bainy\.m2\repository\org\springframework\boot\spring-boot-starter-security\3.5.6\spring-boot-starter-security-3.5.6.jar;C:\Users\Bainy\.m2\repository\org\springframework\spring-aop\6.2.11\spring-aop-6.2.11.jar;C:\Users\Bainy\.m2\repository\org\springframework\security\spring-security-config\6.5.5\spring-security-config-6.5.5.jar;C:\Users\Bainy\.m2\repository\org\springframework\security\spring-security-web\6.5.5\spring-security-web-6.5.5.jar;C:\Users\Bainy\.m2\repository\org\springframework\spring-expression\6.2.11\spring-expression-6.2.11.jar;C:\Users\Bainy\.m2\repository\org\springframework\boot\spring-boot-starter-validation\3.5.6\spring-boot-starter-validation-3.5.6.jar;C:\Users\Bainy\.m2\repository\org\apache\tomcat\embed\tomcat-embed-el\10.1.46\tomcat-embed-el-10.1.46.jar;C:\Users\Bainy\.m2\repository\org\hibernate\validator\hibernate-validator\8.0.3.Final\hibernate-validator-8.0.3.Final.jar;C:\Users\Bainy\.m2\repository\jakarta\validation\jakarta.validation-api\3.0.2\jakarta.validation-api-3.0.2.jar;C:\Users\Bainy\.m2\repository\org\springframework\boot\spring-boot-starter-web\3.5.6\spring-boot-starter-web-3.5.6.jar;C:\Users\Bainy\.m2\repository\org\springframework\boot\spring-boot-starter-json\3.5.6\spring-boot-starter-json-3.5.6.jar;C:\Users\Bainy\.m2\repository\com\fasterxml\jackson\datatype\jackson-datatype-jdk8\2.19.2\jackson-datatype-jdk8-2.19.2.jar;C:\Users\Bainy\.m2\repository\com\fasterxml\jackson\module\jackson-module-parameter-names\2.19.2\jackson-module-parameter-names-2.19.2.jar;C:\Users\Bainy\.m2\repository\org\springframework\boot\spring-boot-starter-tomcat\3.5.6\spring-boot-starter-tomcat-3.5.6.jar;C:\Users\Bainy\.m2\repository\org\apache\tomcat\embed\tomcat-embed-core\10.1.46\tomcat-embed-core-10.1.46.jar;C:\Users\Bainy\.m2\repository\org\apache\tomcat\embed\tomcat-embed-websocket\10.1.46\tomcat-embed-websocket-10.1.46.jar;C:\Users\Bainy\.m2\repository\org\springframework\spring-web\6.2.11\spring-web-6.2.11.jar;C:\Users\Bainy\.m2\repository\org\springframework\spring-webmvc\6.2.11\spring-webmvc-6.2.11.jar;C:\Users\Bainy\.m2\repository\org\springframework\cloud\spring-cloud-starter-netflix-eureka-client\4.3.0\spring-cloud-starter-netflix-eureka-client-4.3.0.jar;C:\Users\Bainy\.m2\repository\org\springframework\cloud\spring-cloud-starter\4.3.0\spring-cloud-starter-4.3.0.jar;C:\Users\Bainy\.m2\repository\org\springframework\cloud\spring-cloud-context\4.3.0\spring-cloud-context-4.3.0.jar;C:\Users\Bainy\.m2\repository\org\bouncycastle\bcprov-jdk18on\1.80\bcprov-jdk18on-1.80.jar;C:\Users\Bainy\.m2\repository\org\springframework\cloud\spring-cloud-netflix-eureka-client\4.3.0\spring-cloud-netflix-eureka-client-4.3.0.jar;C:\Users\Bainy\.m2\repository\org\apache\httpcomponents\client5\httpclient5\5.5\httpclient5-5.5.jar;C:\Users\Bainy\.m2\repository\org\apache\httpcomponents\core5\httpcore5\5.3.5\httpcore5-5.3.5.jar;C:\Users\Bainy\.m2\repository\org\apache\httpcomponents\core5\httpcore5-h2\5.3.5\httpcore5-h2-5.3.5.jar;C:\Users\Bainy\.m2\repository\com\netflix\eureka\eureka-client\2.0.4\eureka-client-2.0.4.jar;C:\Users\Bainy\.m2\repository\com\thoughtworks\xstream\xstream\1.4.20\xstream-1.4.20.jar;C:\Users\Bainy\.m2\repository\io\github\x-stream\mxparser\1.2.2\mxparser-1.2.2.jar;C:\Users\Bainy\.m2\repository\xmlpull\xmlpull\1.1.3.1\xmlpull-1.1.3.1.jar;C:\Users\Bainy\.m2\repository\jakarta\ws\rs\jakarta.ws.rs-api\3.1.0\jakarta.ws.rs-api-3.1.0.jar;C:\Users\Bainy\.m2\repository\com\netflix\spectator\spectator-api\1.7.3\spectator-api-1.7.3.jar;C:\Users\Bainy\.m2\repository\org\apache\httpcomponents\httpclient\4.5.3\httpclient-4.5.3.jar;C:\Users\Bainy\.m2\repository\org\apache\httpcomponents\httpcore\4.4.16\httpcore-4.4.16.jar;C:\Users\Bainy\.m2\repository\commons-codec\commons-codec\1.18.0\commons-codec-1.18.0.jar;C:\Users\Bainy\.m2\repository\commons-configuration\commons-configuration\1.10\commons-configuration-1.10.jar;C:\Users\Bainy\.m2\repository\commons-lang\commons-lang\2.6\commons-lang-2.6.jar;C:\Users\Bainy\.m2\repository\com\fasterxml\jackson\core\jackson-annotations\2.19.2\jackson-annotations-2.19.2.jar;C:\Users\Bainy\.m2\repository\com\fasterxml\jackson\core\jackson-core\2.19.2\jackson-core-2.19.2.jar;C:\Users\Bainy\.m2\repository\com\netflix\netflix-commons\netflix-eventbus\0.3.0\netflix-eventbus-0.3.0.jar;C:\Users\Bainy\.m2\repository\com\netflix\netflix-commons\netflix-infix\0.3.0\netflix-infix-0.3.0.jar;C:\Users\Bainy\.m2\repository\commons-jxpath\commons-jxpath\1.3\commons-jxpath-1.3.jar;C:\Users\Bainy\.m2\repository\joda-time\joda-time\2.3\joda-time-2.3.jar;C:\Users\Bainy\.m2\repository\org\antlr\antlr-runtime\3.4\antlr-runtime-3.4.jar;C:\Users\Bainy\.m2\repository\org\antlr\stringtemplate\3.2.1\stringtemplate-3.2.1.jar;C:\Users\Bainy\.m2\repository\antlr\antlr\2.7.7\antlr-2.7.7.jar;C:\Users\Bainy\.m2\repository\com\google\guava\guava\14.0.1\guava-14.0.1.jar;C:\Users\Bainy\.m2\repository\com\google\code\gson\gson\2.13.2\gson-2.13.2.jar;C:\Users\Bainy\.m2\repository\com\google\errorprone\error_prone_annotations\2.41.0\error_prone_annotations-2.41.0.jar;C:\Users\Bainy\.m2\repository\com\netflix\servo\servo-core\0.5.3\servo-core-0.5.3.jar;C:\Users\Bainy\.m2\repository\org\apache\commons\commons-math\2.2\commons-math-2.2.jar;C:\Users\Bainy\.m2\repository\javax\annotation\javax.annotation-api\1.2\javax.annotation-api-1.2.jar;C:\Users\Bainy\.m2\repository\org\codehaus\jettison\jettison\1.5.4\jettison-1.5.4.jar;C:\Users\Bainy\.m2\repository\org\springframework\cloud\spring-cloud-starter-loadbalancer\4.3.0\spring-cloud-starter-loadbalancer-4.3.0.jar;C:\Users\Bainy\.m2\repository\org\springframework\cloud\spring-cloud-loadbalancer\4.3.0\spring-cloud-loadbalancer-4.3.0.jar;C:\Users\Bainy\.m2\repository\io\projectreactor\reactor-core\3.7.11\reactor-core-3.7.11.jar;C:\Users\Bainy\.m2\repository\org\reactivestreams\reactive-streams\1.0.4\reactive-streams-1.0.4.jar;C:\Users\Bainy\.m2\repository\io\projectreactor\addons\reactor-extra\3.5.3\reactor-extra-3.5.3.jar;C:\Users\Bainy\.m2\repository\org\springframework\boot\spring-boot-starter-cache\3.5.6\spring-boot-starter-cache-3.5.6.jar;C:\Users\Bainy\.m2\repository\org\springframework\spring-context-support\6.2.11\spring-context-support-6.2.11.jar;C:\Users\Bainy\.m2\repository\com\stoyanr\evictor\1.0.0\evictor-1.0.0.jar;C:\Users\Bainy\.m2\repository\org\postgresql\postgresql\42.7.7\postgresql-42.7.7.jar;C:\Users\Bainy\.m2\repository\org\checkerframework\checker-qual\3.49.3\checker-qual-3.49.3.jar;C:\Users\Bainy\.m2\repository\jakarta\xml\bind\jakarta.xml.bind-api\4.0.2\jakarta.xml.bind-api-4.0.2.jar;C:\Users\Bainy\.m2\repository\jakarta\activation\jakarta.activation-api\2.1.4\jakarta.activation-api-2.1.4.jar;C:\Users\Bainy\.m2\repository\org\springframework\spring-core\6.2.11\spring-core-6.2.11.jar;C:\Users\Bainy\.m2\repository\org\springframework\spring-jcl\6.2.11\spring-jcl-6.2.11.jar;C:\Users\Bainy\.m2\repository\org\springframework\security\spring-security-core\6.5.5\spring-security-core-6.5.5.jar;C:\Users\Bainy\.m2\repository\org\springframework\security\spring-security-crypto\6.5.5\spring-security-crypto-6.5.5.jar;C:\Users\Bainy\.m2\repository\org\springframework\cloud\spring-cloud-starter-openfeign\4.3.0\spring-cloud-starter-openfeign-4.3.0.jar;C:\Users\Bainy\.m2\repository\org\springframework\cloud\spring-cloud-openfeign-core\4.3.0\spring-cloud-openfeign-core-4.3.0.jar;C:\Users\Bainy\.m2\repository\io\github\openfeign\feign-form-spring\13.6\feign-form-spring-13.6.jar;C:\Users\Bainy\.m2\repository\org\apache\commons\commons-text\1.13.0\commons-text-1.13.0.jar;C:\Users\Bainy\.m2\repository\org\apache\commons\commons-lang3\3.17.0\commons-lang3-3.17.0.jar;C:\Users\Bainy\.m2\repository\io\github\openfeign\feign-form\13.6\feign-form-13.6.jar;C:\Users\Bainy\.m2\repository\commons-fileupload\commons-fileupload\1.5\commons-fileupload-1.5.jar;C:\Users\Bainy\.m2\repository\org\springframework\cloud\spring-cloud-commons\4.3.0\spring-cloud-commons-4.3.0.jar;C:\Users\Bainy\.m2\repository\io\github\openfeign\feign-core\13.6\feign-core-13.6.jar;C:\Users\Bainy\.m2\repository\io\github\openfeign\feign-slf4j\13.6\feign-slf4j-13.6.jar;C:\Users\Bainy\.m2\repository\org\flywaydb\flyway-core\10.21.0\flyway-core-10.21.0.jar;C:\Users\Bainy\.m2\repository\com\fasterxml\jackson\dataformat\jackson-dataformat-toml\2.19.2\jackson-dataformat-toml-2.19.2.jar;C:\Users\Bainy\.m2\repository\com\fasterxml\jackson\datatype\jackson-datatype-jsr310\2.19.2\jackson-datatype-jsr310-2.19.2.jar;C:\Users\Bainy\.m2\repository\org\flywaydb\flyway-database-postgresql\10.21.0\flyway-database-postgresql-10.21.0.jar;C:\Users\Bainy\.m2\repository\org\mapstruct\mapstruct\1.6.3\mapstruct-1.6.3.jar
Launcher Type: SUN_STANDARD

[Global flags]
     intx CICompilerCount                          = 4                                         {product} {ergonomic}
   size_t CompressedClassSpaceSize                 = 218103808                                 {product} {ergonomic}
     uint ConcGCThreads                            = 3                                         {product} {ergonomic}
     uint G1ConcRefinementThreads                  = 10                                        {product} {ergonomic}
   size_t G1HeapRegionSize                         = 1048576                                   {product} {ergonomic}
   size_t InitialHeapSize                          = 268435456                                 {product} {command line}
     bool ManagementServer                         = true                                      {product} {command line}
   size_t MarkStackSize                            = 4194304                                   {product} {ergonomic}
   size_t MarkStackSizeMax                         = 536870912                                 {product} {ergonomic}
   size_t MaxHeapSize                              = 536870912                                 {product} {command line}
   size_t MaxMetaspaceSize                         = 268435456                                 {product} {command line}
   size_t MaxNewSize                               = 321912832                                 {product} {ergonomic}
   size_t MinHeapDeltaBytes                        = 1048576                                   {product} {ergonomic}
   size_t MinHeapSize                              = 268435456                                 {product} {command line}
    uintx NonNMethodCodeHeapSize                   = 4096                                   {pd product} {ergonomic}
    uintx NonProfiledCodeHeapSize                  = 0                                      {pd product} {ergonomic}
     bool ProfileInterpreter                       = false                                  {pd product} {command line}
    uintx ProfiledCodeHeapSize                     = 0                                      {pd product} {ergonomic}
   size_t SoftMaxHeapSize                          = 536870912                              {manageable} {ergonomic}
     intx TieredStopAtLevel                        = 1                                         {product} {command line}
     bool UseCompressedOops                        = true                           {product lp64_product} {ergonomic}
     bool UseG1GC                                  = true                                      {product} {ergonomic}
     bool UseLargePagesIndividualAllocation        = false                                  {pd product} {ergonomic}

Logging:
Log output configuration:
 #0: stdout all=warning uptime,level,tags foldmultilines=false
 #1: stderr all=off uptime,level,tags foldmultilines=false

Environment Variables:
PATH=C:\Program Files\Common Files\Oracle\Java\javapath;C:\Program Files\Python312\Scripts\;C:\Program Files\Python312\;C:\app\Bainy\product\21c\dbhomeXE\bin;C:\Program Files (x86)\VMware\VMware Player\bin\;C:\WINDOWS\system32;C:\WINDOWS;C:\WINDOWS\System32\Wbem;C:\WINDOWS\System32\WindowsPowerShell\v1.0\;C:\WINDOWS\System32\OpenSSH\;C:\Program Files\dotnet\;C:\Program Files (x86)\Windows Kits\10\Windows Performance Toolkit\;C:\Program Files\Python312;C:\Users\Bainy\AppData\Local\Packages\PythonSoftwareFoundation.Python.3.12_qbz5n2kfra8p0\LocalCache\local-packages\Python312\Scripts;C:\Program Files\Microsoft SQL Server\150\Tools\Binn\;C:\Program Files\Microsoft SQL Server\Client SDK\ODBC\170\Tools\Binn\;C:\Program Files\dart-sdk\bin;C:\Program Files (x86)\Microsoft SQL Server\160\Tools\Binn\;C:\Program Files\Microsoft SQL Server\160\Tools\Binn\;C:\Program Files\Microsoft SQL Server\160\DTS\Binn\;C:\Program Files (x86)\Microsoft SQL Server\160\DTS\Binn\;C:\Program Files\nodejs;C:\Users\Bainy\Downloads\jsoup-1.18.3.jar;C:\Program Files\Git\cmd;C:\Program Files\Docker\Docker\resources\bin;C:\apache-tomcat-10.1.39\bin;C:\Program Files\nodejs\;C:\Users\Bainy\AppData\Local\Microsoft\WindowsApps;C:\Users\Bainy\.dotnet\tools;C:\Users\Bainy\AppData\Local\Programs\Microsoft VS Code\bin;C:\Users\Bainy\AppData\Local\Programs\MiKTeX\miktex\bin\x64\;C:\Program Files\JetBrains\IntelliJ IDEA Community Edition 2024.2.3\bin;;C:\Users\Bainy\AppData\Local\Programs\Microsoft VS Code Insiders\bin;C:\Users\Bainy\AppData\Roaming\npm;C:\Users\Bainy\AppData\Local\Programs\Windsurf\bin
USERNAME=Bainy
OS=Windows_NT
PROCESSOR_IDENTIFIER=Intel64 Family 6 Model 154 Stepping 4, GenuineIntel
TMP=C:\Users\Bainy\AppData\Local\Temp
TEMP=C:\Users\Bainy\AppData\Local\Temp




Periodic native trim disabled

---------------  S Y S T E M  ---------------

OS:
 Windows 11 , 64 bit Build 26100 (10.0.26100.6725)
OS uptime: 4 days 19:01 hours
Hyper-V role detected

CPU: total 12 (initial active 12) (6 cores per cpu, 2 threads per core) family 6 model 154 stepping 4 microcode 0x437, cx8, cmov, fxsr, ht, mmx, 3dnowpref, sse, sse2, sse3, ssse3, sse4.1, sse4.2, popcnt, lzcnt, tsc, tscinvbit, avx, avx2, aes, erms, clmul, bmi1, bmi2, adx, sha, fma, vzeroupper, clflush, clflushopt, clwb, hv, serialize, rdtscp, rdpid, fsrm, gfni, f16c, cet_ibt, cet_ss
Processor Information for processor 0
  Max Mhz: 1700, Current Mhz: 1700, Mhz Limit: 1700
Processor Information for processor 1
  Max Mhz: 1700, Current Mhz: 1700, Mhz Limit: 1700
Processor Information for processor 2
  Max Mhz: 1700, Current Mhz: 1457, Mhz Limit: 1700
Processor Information for processor 3
  Max Mhz: 1700, Current Mhz: 1700, Mhz Limit: 1700
Processor Information for processor 4
  Max Mhz: 1700, Current Mhz: 1700, Mhz Limit: 1700
Processor Information for processor 5
  Max Mhz: 1700, Current Mhz: 1700, Mhz Limit: 1700
Processor Information for processor 6
  Max Mhz: 1700, Current Mhz: 1558, Mhz Limit: 1700
Processor Information for processor 7
  Max Mhz: 1700, Current Mhz: 1558, Mhz Limit: 1700
Processor Information for processor 8
  Max Mhz: 1700, Current Mhz: 1558, Mhz Limit: 1700
Processor Information for processor 9
  Max Mhz: 1700, Current Mhz: 1558, Mhz Limit: 1700
Processor Information for processor 10
  Max Mhz: 1700, Current Mhz: 1700, Mhz Limit: 1700
Processor Information for processor 11
  Max Mhz: 1700, Current Mhz: 1700, Mhz Limit: 1700

Memory: 4k page, system-wide physical 32452M (3817M free)
TotalPageFile size 37119M (AvailPageFile size 4M)
current process WorkingSet (physical memory assigned to process): 217M, peak: 217M
current process commit charge ("private bytes"): 416M, peak: 416M

vm_info: Java HotSpot(TM) 64-Bit Server VM (23.0.1+11-39) for windows-amd64 JRE (23.0.1+11-39), built on 2024-09-30T07:20:43Z with MS VC++ 17.6 (VS2022)

END.
